-- phpMyAdmin SQL Dump
-- version 5.2.1
-- https://www.phpmyadmin.net/
--
-- 主機： localhost
-- 產生時間： 2024 年 04 月 23 日 15:10
-- 伺服器版本： 10.4.28-MariaDB
-- PHP 版本： 8.0.28

SET SQL_MODE = "NO_AUTO_VALUE_ON_ZERO";
START TRANSACTION;
SET time_zone = "+00:00";


/*!40101 SET @OLD_CHARACTER_SET_CLIENT=@@CHARACTER_SET_CLIENT */;
/*!40101 SET @OLD_CHARACTER_SET_RESULTS=@@CHARACTER_SET_RESULTS */;
/*!40101 SET @OLD_COLLATION_CONNECTION=@@COLLATION_CONNECTION */;
/*!40101 SET NAMES utf8mb4 */;

--
-- 資料庫： `ruins_final`
--

-- --------------------------------------------------------

--
-- 資料表結構 `ca_order_detail`
--

CREATE TABLE `ca_order_detail` (
  `sid` int(11) NOT NULL,
  `purchase_order_sid` int(11) NOT NULL,
  `pid` int(4) DEFAULT NULL,
  `price` int(11) NOT NULL,
  `qty` int(11) NOT NULL,
  `total_price` int(11) NOT NULL,
  `is_comment` tinyint(4) NOT NULL
) ENGINE=InnoDB DEFAULT CHARSET=utf8mb4 COLLATE=utf8mb4_general_ci;

--
-- 傾印資料表的資料 `ca_order_detail`
--

INSERT INTO `ca_order_detail` (`sid`, `purchase_order_sid`, `pid`, `price`, `qty`, `total_price`, `is_comment`) VALUES
(51, 19, 3, 699, 1, 699, 0),
(52, 19, NULL, 1580, 1, 1580, 0),
(53, 19, NULL, 1880, 1, 1880, 0),
(54, 19, NULL, 699, 1, 699, 0),
(55, 20, NULL, 1580, 1, 1580, 0),
(56, 20, NULL, 699, 4, 2796, 0),
(57, 20, NULL, 699, 1, 699, 0),
(58, 20, NULL, 1580, 1, 1580, 0),
(59, 20, NULL, 1880, 1, 1880, 0),
(60, 20, NULL, 699, 1, 699, 0),
(61, 21, NULL, 1580, 1, 1580, 0),
(62, 21, NULL, 699, 4, 2796, 0),
(63, 21, NULL, 699, 1, 699, 0),
(64, 21, NULL, 1580, 1, 1580, 0),
(65, 21, NULL, 1880, 1, 1880, 0),
(66, 21, NULL, 699, 1, 699, 0),
(67, 22, NULL, 1580, 1, 1580, 0),
(68, 22, NULL, 699, 4, 2796, 0),
(69, 22, NULL, 699, 1, 699, 0),
(70, 22, NULL, 1580, 1, 1580, 0),
(71, 22, NULL, 1880, 1, 1880, 0),
(72, 22, 8, 699, 1, 699, 0),
(73, 24, 3, 6200, 1, 6200, 0),
(74, 24, 2, 1380, 1, 1380, 0),
(75, 25, 6, 6200, 1, 6200, 0),
(76, 25, NULL, 1380, 1, 1380, 0),
(77, 26, NULL, 6200, 1, 6200, 0),
(78, 26, NULL, 1380, 1, 1380, 0),
(79, 27, NULL, 6200, 1, 6200, 0),
(80, 27, NULL, 1380, 1, 1380, 0),
(81, 28, NULL, 1580, 1, 1580, 0),
(82, 28, NULL, 790, 1, 790, 0),
(83, 29, NULL, 899, 1, 899, 0),
(84, 29, NULL, 580, 1, 580, 0),
(85, 29, NULL, 2550, 1, 2550, 0),
(86, 30, NULL, 899, 2, 1798, 0),
(87, 30, NULL, 580, 1, 580, 0),
(88, 31, NULL, 899, 2, 1798, 0),
(89, 31, NULL, 580, 1, 580, 0),
(90, 32, NULL, 580, 6, 3480, 0),
(91, 33, NULL, 580, 1, 580, 0),
(92, 33, NULL, 2550, 1, 2550, 0),
(93, 34, NULL, 580, 1, 580, 0),
(94, 35, NULL, 580, 1, 580, 0),
(95, 36, NULL, 580, 1, 580, 0),
(96, 37, NULL, 580, 1, 580, 0),
(97, 37, NULL, 1580, 1, 1580, 0),
(98, 38, NULL, 1580, 1, 1580, 0),
(99, 39, NULL, 499, 1, 499, 0),
(100, 40, NULL, 499, 1, 499, 0),
(101, 41, NULL, 499, 1, 499, 0),
(102, 42, NULL, 499, 1, 499, 0),
(103, 42, NULL, 1100, 1, 1100, 0),
(104, 43, NULL, 1100, 1, 1100, 0),
(105, 44, NULL, 1100, 1, 1100, 0),
(106, 45, NULL, 1100, 1, 1100, 0),
(107, 46, NULL, 1100, 2, 2200, 0),
(108, 47, NULL, 1100, 2, 2200, 0),
(109, 48, NULL, 1100, 1, 1100, 0),
(110, 49, NULL, 1100, 1, 1100, 0),
(111, 50, NULL, 1100, 1, 1100, 0),
(112, 51, NULL, 1100, 1, 1100, 0),
(113, 52, NULL, 580, 1, 580, 0),
(114, 53, NULL, 1100, 1, 1100, 0),
(117, 55, NULL, 950, 1, 950, 0),
(118, 55, NULL, 499, 1, 499, 0),
(125, 59, NULL, 950, 1, 950, 0),
(126, 59, NULL, 499, 1, 499, 0),
(127, 60, NULL, 950, 1, 950, 0),
(128, 60, NULL, 499, 1, 499, 0),
(129, 61, NULL, 1580, 1, 1580, 0),
(130, 62, NULL, 1580, 1, 1580, 0),
(131, 63, NULL, 1580, 1, 1580, 0),
(132, 64, NULL, 699, 1, 699, 0),
(133, 65, NULL, 590, 1, 590, 0),
(134, 65, NULL, 380, 1, 380, 0),
(136, 67, NULL, 1580, 1, 1580, 0),
(146, 77, NULL, 1280, 1, 1280, 0),
(221, 126, NULL, 1100, 1, 1100, 0),
(241, 137, NULL, 6200, 1, 6200, 0),
(247, 144, NULL, 580, 1, 580, 1),
(248, 144, NULL, 380, 1, 380, 0),
(249, 145, NULL, 1380, 1, 1380, 1),
(250, 145, NULL, 1190, 1, 1190, 1),
(251, 145, NULL, 850, 1, 850, 1),
(252, 145, NULL, 580, 1, 580, 1),
(253, 146, NULL, 1380, 1, 1380, 0),
(254, 146, NULL, 1190, 1, 1190, 0),
(255, 146, NULL, 590, 2, 1180, 0),
(256, 146, NULL, 580, 1, 580, 0),
(257, 147, NULL, 1380, 1, 1380, 1),
(258, 147, NULL, 1190, 1, 1190, 1),
(259, 147, NULL, 590, 2, 1180, 1),
(260, 147, NULL, 580, 1, 580, 1),
(261, 148, NULL, 1380, 1, 1380, 1),
(262, 148, NULL, 1190, 1, 1190, 1),
(263, 148, NULL, 850, 1, 850, 1),
(264, 148, NULL, 580, 1, 580, 1),
(265, 149, NULL, 1380, 1, 1380, 1),
(266, 149, NULL, 1190, 1, 1190, 1),
(267, 149, NULL, 590, 1, 590, 1),
(268, 149, NULL, 580, 1, 580, 1),
(269, 150, NULL, 1380, 1, 1380, 1),
(270, 150, NULL, 1190, 1, 1190, 1),
(271, 150, NULL, 850, 1, 850, 1),
(272, 150, NULL, 580, 1, 580, 1),
(273, 151, NULL, 1380, 1, 1380, 1),
(274, 151, NULL, 1190, 1, 1190, 1),
(275, 151, NULL, 590, 1, 590, 1),
(276, 151, NULL, 580, 1, 580, 1),
(277, 152, NULL, 1380, 1, 1380, 1),
(278, 152, NULL, 1190, 2, 2380, 1),
(279, 152, NULL, 580, 1, 580, 1),
(280, 152, NULL, 850, 1, 850, 1),
(281, 153, NULL, 1380, 1, 1380, 1),
(282, 153, NULL, 1190, 1, 1190, 1),
(283, 153, NULL, 850, 1, 850, 1),
(284, 153, NULL, 580, 1, 580, 1),
(285, 154, NULL, 1100, 1, 1100, 0),
(286, 155, NULL, 790, 1, 790, 0),
(287, 155, NULL, 980, 1, 980, 0),
(293, 158, NULL, 1380, 2, 2760, 0),
(294, 158, NULL, 590, 1, 590, 0),
(295, 159, NULL, 1280, 1, 1280, 0),
(296, 170, 15, 54000, 2, 108000, 0),
(297, 170, 10, 220, 3, 660, 0),
(298, 170, 18, 999, 1, 999, 0),
(299, 171, 10, 220, 1, 220, 0),
(300, 171, 14, 78000, 1, 78000, 0),
(301, 172, 10, 220, 1, 220, 1),
(302, 172, 14, 78000, 1, 78000, 0),
(303, 173, 10, 220, 1, 220, 0),
(304, 173, 14, 78000, 1, 78000, 0),
(305, 174, 10, 220, 1, 220, 0),
(306, 174, 4, 4000, 1, 4000, 0),
(307, 175, 7, 8755, 1, 8755, 0),
(308, 175, 4, 4000, 1, 4000, 0),
(309, 175, 5, 4500, 1, 4500, 0),
(310, 176, 7, 8755, 1, 8755, 0),
(311, 176, 51, 8755, 1, 8755, 0),
(312, 178, 51, 8755, 1, 8755, 1),
(313, 179, 10, 220, 1, 220, 1),
(314, 180, 7, 8755, 1, 8755, 1),
(315, 181, 7, 8755, 1, 8755, 0),
(316, 181, 51, 8755, 1, 8755, 0),
(317, 181, 5, 4500, 6, 27000, 0),
(318, 182, 5, 4500, 1, 4500, 1),
(319, 182, 15, 54000, 1, 54000, 1),
(320, 182, 58, 499, 1, 499, 1),
(321, 185, 10, 220, 1, 220, 1),
(322, 185, 14, 78000, 1, 78000, 1),
(323, 186, 10, 220, 9, 1980, 1),
(324, 187, 7, 8755, 1, 8755, 1),
(325, 188, 4, 4000, 2, 8000, 1),
(326, 189, 16, 21200, 1, 21200, 0),
(327, 189, 11, 5000, 1, 5000, 0),
(328, 189, 34, 399, 1, 399, 0),
(329, 189, 25, 499, 2, 998, 0),
(330, 189, 50, 5000, 5, 25000, 0),
(331, 189, 9, 2120, 4, 8480, 0),
(332, 190, 49, 220, 1, 220, 0),
(333, 191, 49, 220, 1, 220, 0),
(334, 192, 6, 700, 1, 700, 0),
(335, 193, 42, 15900, 1, 15900, 0),
(336, 194, 52, 2120, 1, 2120, 0),
(337, 194, 12, 24000, 2, 48000, 0),
(338, 194, 62, 3220, 1, 3220, 0),
(339, 194, 40, 499, 1, 499, 0),
(340, 194, 13, 45000, 1, 45000, 0),
(341, 194, 45, 5000, 1, 5000, 0),
(342, 195, 10, 220, 1, 220, 0),
(343, 195, 6, 700, 1, 700, 0),
(344, 195, 5, 4500, 1, 4500, 0),
(345, 195, 12, 24000, 1, 24000, 0),
(346, 195, 23, 2499, 1, 2499, 0),
(347, 196, 7, 8755, 1, 8755, 0),
(348, 197, 120, 200, 9, 1800, 0),
(349, 198, 38, 2999, 1, 2999, 0),
(350, 199, 120, 200, 1, 200, 0),
(351, 202, 119, 300, 1, 300, 0),
(352, 203, 125, 1000, 1, 1000, 0),
(353, 204, 10, 220, 1, 220, 0),
(354, 204, 14, 78000, 1, 78000, 0),
(355, 205, 7, 8755, 1, 8755, 0),
(356, 206, 7, 8755, 1, 8755, 0),
(357, 207, 4, 4000, 1, 4000, 0),
(358, 207, 5, 4500, 1, 4500, 0),
(359, 207, 42, 15900, 3, 47700, 0),
(360, 207, 23, 2499, 1, 2499, 0),
(361, 207, 13, 45000, 2, 90000, 0),
(362, 208, 14, 78000, 2, 156000, 0),
(363, 208, 6, 700, 1, 700, 0),
(364, 208, 5, 4500, 1, 4500, 0),
(365, 208, 10, 220, 1, 220, 0),
(366, 208, 4, 4000, 3, 12000, 0),
(367, 209, 4, 4000, 1, 4000, 0),
(368, 209, 5, 4500, 2, 9000, 0),
(369, 209, 42, 15900, 3, 47700, 0),
(370, 209, 23, 2499, 1, 2499, 0),
(371, 209, 13, 45000, 2, 90000, 0),
(372, 209, 6, 700, 1, 700, 0),
(373, 209, 22, 3999, 1, 3999, 0),
(374, 209, 15, 54000, 1, 54000, 0),
(375, 209, 12, 24000, 1, 24000, 0),
(376, 209, 58, 499, 1, 499, 0),
(377, 209, 14, 78000, 1, 78000, 0),
(378, 210, 12, 24000, 1, 24000, 0),
(379, 210, 15, 54000, 1, 54000, 0),
(380, 211, 6, 700, 1, 700, 0),
(381, 211, 4, 4000, 28, 112000, 0),
(382, 211, 49, 220, 1, 220, 0),
(383, 212, 51, 8755, 1, 8755, 0),
(384, 212, 22, 3999, 1, 3999, 0),
(385, 213, 49, 220, 1, 220, 0),
(386, 214, 49, 220, 1, 220, 0),
(387, 215, 10, 220, 1, 220, 0),
(388, 216, 5, 4500, 1, 4500, 0),
(389, 217, 11, 5000, 1, 5000, 0),
(390, 218, 14, 78000, 1, 78000, 0),
(391, 218, 15, 54000, 1, 54000, 0),
(392, 218, 12, 24000, 1, 24000, 0),
(393, 218, 13, 45000, 3, 135000, 0),
(394, 219, 4, 4000, 6, 24000, 0),
(395, 220, 7, 8755, 1, 8755, 0),
(396, 221, 14, 78000, 1, 78000, 0),
(397, 221, 13, 45000, 1, 45000, 0),
(398, 221, 12, 24000, 2, 48000, 0),
(399, 221, 43, 11500, 1, 11500, 0),
(400, 222, 14, 78000, 10, 780000, 0),
(401, 223, 51, 8755, 15, 131325, 0),
(402, 224, 14, 78000, 10, 780000, 0),
(403, 225, 15, 54000, 12, 648000, 0);

-- --------------------------------------------------------

--
-- 資料表結構 `ca_products`
--

CREATE TABLE `ca_products` (
  `pid` int(2) NOT NULL,
  `name` varchar(26) DEFAULT NULL,
  `category_id` int(3) DEFAULT NULL,
  `description` varchar(411) DEFAULT NULL,
  `img` text DEFAULT NULL,
  `sub_category_id` int(2) DEFAULT NULL,
  `price` int(5) DEFAULT NULL,
  `src` varchar(113) DEFAULT NULL,
  `stock` int(3) DEFAULT NULL,
  `create_at` datetime DEFAULT NULL,
  `score` int(5) DEFAULT NULL
) ENGINE=InnoDB DEFAULT CHARSET=utf8 COLLATE=utf8_general_ci;

--
-- 傾印資料表的資料 `ca_products`
--

INSERT INTO `ca_products` (`pid`, `name`, `category_id`, `description`, `img`, `sub_category_id`, `price`, `src`, `stock`, `create_at`, `score`) VALUES
(1, '廢墟花瓶', 2, 'Ruin 花瓶的靈感來自於典型的廢墟形狀，作為花瓶仍然可以裝飾著風景，提醒人們曾經的樣子。適合種植植物，塔狀設計有不同的開口，可以從不同覺度觀賞植物的生長，同時還創造了一個提供生長空間的結構。Ruin 花瓶同樣適合乾燥花裝飾或作為獨立的藝術品。', 'rock1.webp,rock2.jpeg,rock3.jpeg,rock4.jpeg', 2, 5000, '廢墟花瓶,矮胖型- 咖啡色 – 101 COPENHAGEN (101cph.tw)', NULL, '2024-04-01 09:23:38', NULL),
(2, '摺紙花瓶', 2, '摺紙是日本一種古老的藝術形式，名為 Origami，此花瓶系列造型細緻便以此命名。模仿兩張紙相互折疊，當柔軟遇上鋒利，就像紙摺紙一樣，需要耐心才能真正掌握方法，所以經過多次嘗試才達到如同成品一樣細緻帶有混於飽滿的瓶身及薄且窄的花瓶口。', 'rock5.jpeg,rock6.jpeg,rock7.jpeg,rock8.jpeg', 2, 4000, '摺紙 花瓶,迷你 - 深灰色 – 101 COPENHAGEN (101cph.tw)', NULL, '2024-04-01 09:23:46', NULL),
(4, '球型泡泡花瓶', 2, 'Sphere 系列帶有獨特的輪廓和紋理，雕刻優雅，每個花瓶都飾有複雜華麗的細節。以裝飾和雕塑的方式聚集在一起。現已成為 101 Copenhagen 的鮮明視覺標誌了。受中國古代花瓶的啟發，褪色的大地色調是 Sphere 系列的特色，光滑的形狀和鋒利的邊緣之間精確的比例及對比是與技藝精湛的陶藝師密切研創製成的作品。', 'rock13.jpeg,rock14.jpeg,rock15.jpeg,rock16.jpeg', 2, 4000, '球形泡泡花瓶,中型 - 龍舌蘭綠 – 101 COPENHAGEN (101cph.tw)', NULL, '2023-04-25 09:24:11', NULL),
(5, '部落花瓶', 2, 'Tribal 系列是一系列花瓶，是以部落族群面具為雛形概念的雕塑設計品，可作為花瓶投擲花朵或純粹作為藝術品。它就像一個張開嘴巴的面具托於圓體底座上。是一件造型優美的物品，採用平靜、舒緩和塵土飛揚的赤陶色和灰色製作而成。', 'rock17.jpeg,rock18.jpeg,rock20.jpeg,rock19.jpeg', 2, 4500, '部落 花瓶,中型 - 深灰色 – 101 COPENHAGEN (101cph.tw)', NULL, '2024-03-01 09:23:46', NULL),
(6, '咖豆擺飾', 2, '無落款，太小沒地方弄，用途不明，適合待在角落。', 'rock44.jpg,rock45.jpg,rock46.jpg,rock947.jpg', 3, 700, '【新春賀歲】3cm咖啡小廢物 咖啡豆擺飾 手作 慢火雅風&自然釉 - 設計館 自然釉文創工作室 擺飾/家飾品 - Pinkoi', NULL, '2024-03-01 09:23:46', NULL),
(7, '石頭燭台', 2, '沉浸在侘寂風的寧靜美感中，每一片石頭都是自然的藝術品，配上燭光，散發著柔和而溫暖的光芒。這不僅是一個裝飾，更是一種生活的藝術，帶給您家居空間寧靜、淡雅的氛圍。', 'rock22.jpg,rock48.jpg,rock49.jpg,rock50.jpg', 3, 8755, '侘寂風石頭燭台擺飾 – 司麥歐精品燈飾/家居/擺件 (smile-lamp.com.tw)', NULL, '2023-03-01 09:23:46', NULL),
(8, '原石擺設', 2, '喜歡自然味，從漂流木開始，發掘每塊朽木的特質，慢慢雕塑、加工，給予 重生的機會，從原石開始，琢磨出不同的內在美，賦予 最真實的感覺', 'rock51.jpg,rock52.jpg,rock53.jpg,rock54.jpg', 3, 4400, '［在一起］石頭藝品 原石擺飾 石頭擺飾品 手作藝品 石頭擺件 情人節結婚禮物 新婚快樂 | 露天市集 | 全台最大的網路購物市集 (ruten.com.tw)', NULL, '2024-03-03 09:23:46', NULL),
(9, '狗造石雕', 2, '「來福」，帶點土氣的名稱，卻貼近了童年回憶，以及那份忠實的情感。在設計師的巧手下，以可愛逗趣的造型表現狗狗的靈韻，手掌般大小，宛如小巧可愛的棉花糖，帶來甜甜、幸福的好滋味。毛茸茸的臉龐，蓋住了可愛無辜的雙眼，摸摸暖呼呼的牠，療癒了煩悶的心，一起重「心」出發吧!', 'rock55.jpg,rock56.jpg,rock57.jpg,rock58.jpg', 3, 2120, '【療癒擺件 | 擺飾 】獨立鬆獅犬-狗狗造型石雕 - 設計館 CHU, AN Design 擺飾/家飾品 - Pinkoi', NULL, '2024-03-03 09:23:46', NULL),
(10, '猫手拉石頭', 2, '尋找一顆很特別的石頭也不是很容易。每顆石頭都是獨一無二無論是型態、顏色、尺寸，', 'rock59.jpg,rock60.jpg,rock61.jpg,rock62.jpg', 3, 220, '猫手拉在石頭上 - 設計館 is.ideastone 擺飾/家飾品 - Pinkoi', NULL, '2023-03-03 09:23:46', NULL),
(11, '恐龍蛋', 2, '材料：原石、竹筒尺寸：約7611 cm全天然純手工製作，實品拍攝，但仍會有些許色差，不介意再購買', 'rock63.jpg,rock64.jpg,rock65.jpg,rock66.jpg', 3, 5000, '-恐龍蛋- 石頭藝品 原石擺飾 石頭擺飾品 手作藝品 石頭擺件 - 設計館 Dadsartwork【原●始】 擺飾/家飾品 - Pinkoi', NULL, '2024-03-12 09:23:46', NULL),
(12, '觀景窗小屋', 3, '這頂帳篷的形狀其實就是一個前大後小的四方形，從裡面往外看去時，就好像相機的觀景窗一樣，除此之外頂部也配置了一個不小的掀蓋天窗，即便是躺著也能欣賞天空（就連內帳也保留了那塊區域配置ＴＰＵ窗讓你好好的觀賞窗景….）兩側也同樣配置了大面積的三角窗，尾端則配置了兩側都有邊布的防雨窗，即使雨天也能保持通風性能。', 'tent17.jpg,tent18.jpg,tent19.jpg,tent20.jpg', 4, 24000, '【帳篷推薦】 異軍突起的新銳品牌 - 東京工藝 TokyoCrafts Montop 觀景窗小屋… | Instagram', NULL, '2024-03-04 09:23:46', NULL),
(13, 'KAKUREGA', 3, '這頂620x320x220的尺寸與目前主流的大型隧道帳篷一致，結構上也非常相似於Sabb的阿尼卡，簡單的四環結構配上兩根橫杆撐挺帳布，也同樣的兩側邊布都可以撐起並連結固定做延伸天幕使用（也一樣可能會滴水沒錯）但能成為帥帳當然不是只靠顏色就能辦到。細節上，主結構中的左右兩環略為傾斜的角度帶出了這頂帳篷整體更低趴的姿態，側面視角也自然就不會有傳統隧道帳的呆板感，四環帳桿的袖套也做了加寬的處理，除了增加蓋上頂布後的空氣流動性之外，單獨使用時視覺上也更具帥度。', 'tent13.jpg,tent14.jpg,tent15.jpg,tent16.jpg', 4, 45000, 'https://www.instagram.com/p/Cvqfv7pJaJ0/?img_index=1', NULL, '2024-03-20 09:23:46', NULL),
(14, 'Tent Factory', 3, '帳篷要能隔熱，除了基本的材質遮光之外，“高度“也是相當重要的一環，儘管黑膠替你隔絕了大部分的陽光，但熱能也會持續的堆積在蓬布上形成熱輻射，當我們越靠近天花板，感受的熱也就越明顯（想像大熱天進車裡的感受）所以我們離天花板越遠，相對也就越涼快。而這頂帳篷的高度220cm配上黑膠塗層的全外帳、再配上附帶的遮光頂布，撇開這些遮光要素之外，帳篷本身的通風性也是無庸置疑的，除了基本的四面配置紗網以及上方氣孔之外，屋頂也配置了大面積紗網，覆蓋頂布時提升帳內空氣對流外，不使用頂布時也可當小天窗使用，另外正門的雙層前庭布除了遮光避雨外，還能搭配白布變成投影布幕看電影！！', 'tent9.jpg,tent11.jpg,tent12.jpg,tent10.jpg', 4, 78000, '光明分母 MultiBuy 帳篷專門所（@multibuy888）• Instagram 相片與影片', NULL, '2023-03-03 09:23:46', NULL),
(15, 'RatelWorks ', 3, '這頂帳篷從結構上來說是相當正統的三環式隧道帳，其優點就是結構簡單，搭設上非常的輕鬆，巧妙之處在於它格局的比例拿捏，三個不同大小的圓型骨架配上不同間距的比例，劃分出寢室、客廳，以及特大的前庭空間，其中特大尺寸的前庭布便是這頂帳篷的特色所在，除了正常使用時提供了寬敞的遮光面積外，附帶的三角邊布也讓實際可用面積增加了不少，而配上加購的小內帳後，原先的前庭空間又可以轉變成第二個寢室區，無論你想兩房使用，或是卸掉原本的大寢室解放更完整的客廳空間都沒有問題，這樣的配置是不是讓你想到了網紅帳gilia？沒錯，如標題所敘述，gilia也是很不錯的帳篷，唯一小缺點就是太矮了，而這頂帳篷200公分的高度正好彌補了這個缺點，配上蜜獾精神一貫的精美配件組（鑄造錘、釘、掛繩等等）最後當然，還是要說一下缺點，也是蜜獾他們一直以來的問題，就是跟SABB一樣都是單純的聚酯材料，遮光性普普，不過由於原本就配備了一層頂布，主體區域應該還是可以啦！', 'tent1.jpg,tent2.jpg,tent3.jpg,tent4.jpg', 4, 54000, '光明分母 MultiBuy 帳篷專門所（@multibuy888）• Instagram 相片與影片', NULL, '2024-03-03 09:23:46', NULL),
(16, 'Dome Tent', 3, '今天介紹的這頂帳篷除了擁有高達220公分高的天花板之外，連內帳都有210公分的空間高度，而且由於結構的關係，它的整體高度也非常平均，沒有高度灌水的問題。除了高度的優勢外，這頂帳篷也符合了先前提過的中小型隧道帳趨勢，540x300的身形配上一邊單環一邊交叉的骨架使它保有不錯抗風性的同時又能夠單人完成搭設。帳篷本身也配備了遮光頂布來補強他本身聚酯材料的遮光弱項。最後是配色上它也相當有水準的黑帳配黑杆，其中一根還用了跳色處理，金屬藍很好的點綴了整體的視覺效果，這手法先前也曾出現在The North Face的帥帳Lander 6上，非常好看！當然還是要說一下小缺點，中小型帳篷的尺寸卻有著17kg的體重，可能這就是高度帶來的負擔吧。', 'tent5.jpg,tent6.jpg,tent7.jpg,tent8.jpg', 4, 21200, '光明分母 MultiBuy 帳篷專門所（@multibuy888）• Instagram 相片與影片', NULL, '2024-03-13 05:23:46', NULL),
(18, '可拼接露營睡袋 ', 3, '我們的露營愛好者團隊研發出這款棉質睡袋 Arpenaz 20°，讓你能在 20°C 左右的氣溫下舒適入睡。棉質的舒適度及暖度|長度：2 m20°C。產品設計概念為何？提供一款有絕佳有機棉花觸感的舒適睡袋。共 2 m 長，5 年保固！', 'outdoor5.webp,outdoor6.webp,outdoor7.webp,outdoor8.webp', 5, 999, 'https://decathlon.tw/dsm-303126.html', NULL, '2024-03-16 09:23:46', NULL),
(19, '4人快開帳篷', 3, '我們的露營團隊設計出這款適合最多 4 名成人使用的快開防曬遮陽帳篷 Base Easy Fresh，讓你在鄉間時不受戶外陽光和蚊蟲侵擾。彈開式 | 獨立結構 | Fresh產品設計概念為何？提供一款適合最多 4 人使用的彈開式舒適帳篷，讓你不受陽光（UPF50）、高溫、泥土和蚊蟲的侵擾', 'outdoor0.webp,outdoor9.webp,outdoor10.webp,outdoor11.webp', 4, 1699, 'https://decathlon.tw/dsm-308291.html', NULL, '2024-03-24 09:23:46', NULL),
(20, '2人輕量登山帳篷', 3, '第一次露營？我們的設計師研發了這款簡單又好搭建的雙人帳篷，確保你為夜晚做好準備。產品優勢？可存放鞋子的空間。這款帳篷方便使用，且通過我們所有的耐用度及防水測試。獨立式穹頂結構設計，讓你在搭建後可以移動到最佳地點。', 'outdoor12.webp,outdoor15.webp,outdoor14.webp,outdoor13.webp', 4, 1499, 'https://decathlon.tw/dsm-303295.html', NULL, '2024-03-18 09:23:46', NULL),
(22, '釣魚運動折疊椅', 3, '我們的工程師為讓垂釣者能在水邊舒服地休息，而設計出這張能夠適應任何地點的躺椅組合式躺椅，能提升舒適度泡棉床墊的密度提供最佳的舒適品質。可調整式椅腳，確保躺椅的穩定性。', 'outdoor20.webp,outdoor21.webp,outdoor22.webp,outdoor23.webp', 5, 3999, 'https://decathlon.tw/dsm-108229.html', NULL, '2024-03-10 09:23:46', NULL),
(23, '釣魚箱椅', 3, '我們的概念團隊研發出這款適合在淡水長竿釣時使用的釣魚箱椅耐用性 多用途 舒適我們的概念團隊研發出這款適合在淡水長竿釣時使用的釣魚箱椅', 'outdoor24.webp,outdoor25.webp,outdoor26.webp,outdoor27.webp', 5, 2499, 'https://decathlon.tw/dsm-345019.html', NULL, '2024-03-25 09:23:46', NULL),
(24, '釣魚推車', 3, '我們的概念團隊研發出這款拖車，適合在當地進行釣魚活動的釣魚使用者使用，可輕鬆地運送其釣具輕巧性 耐用性 容量 可調式我們的概念團隊研發出這款拖車，適合在當地進行釣魚活動的釣魚使用者使用，可輕鬆地運送其釣具', 'outdoor28.webp,outdoor29.webp,outdoor30.webp,outdoor31.webp', 5, 3499, 'https://decathlon.tw/dsm-341719.html', NULL, '2024-03-11 09:23:46', NULL),
(25, '矮腳露營折疊椅', 3, '我們的設計師設計了這款輕巧又方便使用的露營椅。產品優勢：輕巧、好攜帶這款方便攜帶的露營椅通過我們的耐用性測試。這款輕量的露營椅方便使用，容易攜帶。', 'outdoor32.webp,outdoor33.webp,outdoor34.webp,outdoor35.webp', 5, 499, 'https://decathlon.tw/dsm-312927.html', NULL, '2024-03-12 09:23:46', NULL),
(26, '可調式折疊躺椅', 3, '我們的團隊研發出這款躺椅 Comfort。這款折疊椅能讓你在露營時舒適、放鬆地坐著。極為舒適 | 可躺式 | 可折疊 | 輕巧產品設計概念為何？提供一款可放鬆倚靠的超舒適露營椅，具有頭枕、扶手以及寬大的可躺式通風椅背，可調整多種乘坐姿勢。', 'outdoor36.webp,outdoor37.webp,outdoor38.webp,outdoor39.webp', 5, 1499, 'https://decathlon.tw/dsm-13371.html', NULL, '2024-03-22 09:23:46', NULL),
(27, '帳篷防水耐磨地墊', 3, '我們的露營團隊設計出這款地墊，可阻絕來自地面的濕氣。可以做為額外防護使用。桌面表面積：12 m² | 防水好清洗產品設計概念為何？設計出一款能提供帳篷額外防護的地墊，可防止磨損及地面上石頭與樹根所造成的穿刺。一款防水好清洗的地墊。', 'outdoor40.webp,outdoor41.webp,outdoor42.webp,outdoor43.webp', 5, 549, 'https://decathlon.tw/dsm-3745.html', NULL, '2024-03-31 09:23:46', NULL),
(28, '矮腳露營折疊椅', 3, '產品優勢：輕巧、好攜帶這款方便攜帶的露營椅通過我們的耐用性測試。這款輕量的露營椅方便使用，容易攜帶。', 'outdoor44.webp,outdoor45.webp,outdoor46.webp,outdoor44.webp', 5, 499, 'https://decathlon.tw/dsm-312927.html', NULL, '2024-03-22 09:23:46', NULL),
(29, '天幕帳專用營柱', 3, '可以利用一般帳篷、客廳帳、天幕帳的門來增加遮陽蔽雨的空間。未附營繩。2入連結營柱 | 4分段產品設計概念為何？提供一組2入的營柱，支撐天篷，增加遮陽蔽雨的額外空間。', 'outdoor50.webp,outdoor47.webp,outdoor48.webp,outdoor49.webp', 5, 499, 'https://decathlon.tw/dsm-123628.html', NULL, '2024-03-27 09:23:46', NULL),
(30, '露營鋼製營釘', 3, '露營使用。100%鋼製na', 'outdoor51.webp,outdoor52.webp,outdoor53.webp,outdoor54.webp', 5, 249, 'https://decathlon.tw/dsm-325171.html', NULL, '2024-03-07 09:23:46', NULL),
(31, '多用途露營扣環', 3, '這款相當輕量的彈簧掛鉤，適合在露營或健行時用來固定餐具。產品優勢：輕量。能固定餐具，不遺失。也可用於固定水瓶或其它物品。', 'outdoor55.webp,outdoor56.webp,outdoor57.webp.outdoor55.webp', 5, 19, 'https://decathlon.tw/dsm-6871.html', NULL, '2024-03-07 09:23:46', NULL),
(33, '不鏽鋼輕量馬克杯', 3, '這款大容量不鏽鋼馬克杯，是一款登山健行或露營必備的產品。優勢：非常耐用的304不鏽鋼材質（0.4 L）採用高抗性、輕量的不鏽鋼製成。附有2個握把，內側附有刻度。0.4 Ｌ。 盛裝高溫液體時請小心，以免燙傷。', 'outdoor62.webp,outdoor63.webp,outdoor64.webp,outdoor65.webp', 5, 199, 'https://decathlon.tw/dsm-174671.html', NULL, '2024-03-17 09:23:46', NULL),
(34, '不鏽鋼露營煮水壺', 3, '想快速煮水的露營者開發了這款水壺。產品優勢：極度耐用。不銹鋼材質。（1 L）100%不鏽鋼結構，超耐用。能快速將水加熱。1 L。', 'outdoor66.webp,outdoor67.webp,outdoor68.webp,outdoor69.webp', 5, 399, 'https://decathlon.tw/dsm-302356.html', NULL, '2024-03-11 09:23:46', NULL),
(36, '卡榫式調節登山杖', 3, '我們設計出這款登山杖，適合偶爾在困難的地形上健行時使用。開始探索山林的可靠夥伴適合登山健行使用：採用適合沿岸地形的長握把及可調式腕帶設計。採用同樣簡易的插銷調整設計。', 'outdoor70.webp,outdoor71.webp.outdoor72.webp,outdoor73.webp', 5, 249, 'https://decathlon.tw/dsm-156362.html', NULL, '2024-03-08 09:23:46', NULL),
(37, '登山健行頭燈', 3, '適合在較為容易的山徑中行走和在露營地或遮蔽處時使用。多功能、堅固、人性化！一款易於使用且穿戴舒適的多功能頭燈ONNIGHT 100。軟性外殼設計，既防震又防水這款頭燈FORCLAZ適用於各種情況。', 'outdoor74.webp,outdoor75.webp,outdoor76.webp,outdoor77.webp', 5, 299, 'https://decathlon.tw/dsm-128225.html', NULL, '2024-03-20 09:23:46', NULL),
(38, '防水緩震登山鞋', 3, '專為在登山步道進行一日健行而設計。 中筒鞋面為你提供更好的保護和舒適度。防滑、提供保護與極佳的避震性。鞋底使用我們的 Outdoor Contact 技術，可提供絕對出色的抓地力。 橡膠防撞鞋頭還能為你提供額外的保護。', 'outdoor78.webp,outdoor79.webp,outdoor80.webp,outdoor81.webp', 6, 2999, 'https://decathlon.tw/dsm-330874.html', NULL, '2024-03-15 09:23:46', NULL),
(39, '加厚防滑登山襪', 3, '我們的登山健行設計師研發出這款透氣且耐用的襪子，適合在健行時穿著。精細結構、極為透氣的合成纖維這款襪子的設計能降低鞋內的摩擦。 一款能增加登山健行舒適性的必需品', 'outdoor82.webp,outdoor83.webp,outdoor84.webp,outdoor85.webp', 6, 399, 'https://decathlon.tw/dsm-330181.html', NULL, '2024-03-05 09:23:46', NULL),
(40, '高機能防水遮陽帽', 3, '團隊設計了這款可在短途旅行時為你擋雨的帽子。適合健行的防水帽！有了這款防水帽，雨水再也不會拖慢你的腳步！', 'outdoor86.webp,outdoor87.webp,outdoor88.webp,outdoor89.webp', 6, 499, 'https://decathlon.tw/dsm-302968.html', NULL, '2024-03-24 09:23:46', NULL),
(41, '偏置花瓶', 2, '就像時間凍結的設計過程一樣，Offset 花瓶是對所切割的熟悉的圓形形狀的變形。它挑戰了花瓶的概念，並根據觀看的角度極大地改變了外觀：從傳統花瓶的模仿到雕塑作品。Offset 由纖維混凝土製成，有兩種尺寸。\r\n\r\n由於它是手工上釉的天然產品，因此顏色可能略有不同，形式呈現較相近於陶藝製品。\r\n故標示為未達100%防水。建議使用上遵循防水原則以維持商品色澤與品質。', 'rock24.jpeg,rock25.jpeg,rock26.jpeg,rock27.jpeg', 2, 7100, 'https://101cph.tw/zh/products/眼鏡蛇花瓶-迷你-深灰色的副本', NULL, '2024-04-10 17:53:40', NULL),
(42, '大腳凳', 2, 'Big Foot凳子是任何室內環境和家庭不可或缺好的搭配存在，其雕塑般的形狀充滿吸引力。\r\n由三個圓形腿和一個柔軟的圓形座椅組成，所有表面均採用舒緩的灰白色天然羊皮及粉筆白色棉麻織物裝飾。\r\n\r\n', 'rock28.jpeg,rock29.jpeg,rock30.jpeg,rock31.jpeg', 3, 15900, 'https://101cph.tw/zh/products/大腳凳-亞麻-粉筆白', NULL, '2024-04-03 17:58:44', NULL),
(43, '柱桌', 2, '憑藉其幾何和銳利的線條，柱桌的靈感來自柱子和柱子的經典建築形狀，試圖建立一個簡單靈活的邊桌。\r\n\r\n這張桌子非常適合放在躺椅旁邊，或者與沙發或休息區旁邊的其他邊桌相結合，由於其簡約的設計，柱桌也可以單獨作為雕塑或用作展出物品的基座。', 'rock32.jpeg,rock33.jpeg,rock34.jpeg,rock35.jpeg', 3, 11500, 'https://101cph.tw/zh/products/柱桌-沙色', NULL, '2024-04-03 17:58:44', NULL),
(44, '潛水艇', 2, 'Submarine 系列是一系列精緻的花瓶，靈感來自日本藝術無與倫比的優雅。該系列將古典形式的簡約與斯堪的納維亞設計的魅力相結合，重新定義了簡約的精緻。\r\n\r\nSubmarine 系列具有三種獨特的尺寸和形狀，每種尺寸和形狀都有其獨特的特徵。這些花瓶無論單獨展示還是作為迷人的整體展示，都以其優雅的曲線和拋光的線條喚起一種寧靜和精緻的感覺。它們的形式採用無接縫一體成型設計證明了真正工藝的精髓。\r\n\r\n由於它是手工上釉的天然產品，因此顏色可能略有不同，形式呈現較相近於陶藝製品。\r\n故標示為未達100%防水。建議使用上遵循防水原則以維持商品色澤與品質。', 'rock36.jpeg,rock37.jpeg,rock38.jpeg,rock39.jpeg', 3, 14250, 'https://101cph.tw/zh/products/t', NULL, '2024-04-03 17:58:44', NULL),
(45, '相撲花瓶', 2, '作為日本運動相撲的參考， Sumo 系列為讚嘆胴體之美以日本傳統競技「相撲」為靈感，設計出尖腳造型底端及龐大的花瓶主體。\r\n\r\n所有花瓶都有不同的瓶口設計，從傳統的窄花瓶開口到雙開口和深雕尖口。\r\n\r\n此系列著眼於熟悉的花瓶形狀與添加更多藝術、抽象的想法和細節之間的對比，刷新我們對花瓶形狀的看法，更加講究形體細節及抽象的藝術品花器，超越了我們既往對花器形態的想像。\r\n\r\n由於它是手工上釉的天然產品，因此顏色可能略有不同，形式呈現較相近於陶藝製品。\r\n故標示為未達100%防水。建議使用上遵循防水原則以維持商品色澤與品質。', 'rock40.jpeg,rock41.jpeg,rock42.jpeg,rock43.jpeg', 2, 5000, 'https://101cph.tw/zh/products/', NULL, '2024-04-03 17:58:44', NULL),
(46, '原石擺設', 2, '喜歡自然味，從漂流木開始，發掘每塊朽木的特質，慢慢雕塑、加工，給予 重生的機會，從原石開始，琢磨出不同的內在美，賦予 最真實的感覺', 'rock67.jpg,rock68.jpg,rock69.jpg,rock70.jpg', 3, 8400, '［在一起］石頭藝品 原石擺飾 石頭擺飾品 手作藝品 石頭擺件 情人節結婚禮物 新婚快樂 | 露天市集 | 全台最大的網路購物市集 (ruten.com.tw)', NULL, '2024-03-03 09:23:46', NULL),
(49, '龍拉石頭', 2, '尋找一顆很特別的石頭也不是很容易。每顆石頭都是獨一無二無論是型態、顏色、尺寸，', 'rock75.jpg,rock76.jpg,rock77.jpg,rock78.jpg', 3, 220, '猫手拉在石頭上 - 設計館 is.ideastone 擺飾/家飾品 - Pinkoi', NULL, '2023-03-03 09:23:46', NULL),
(50, '蜥蜴石', 2, '材料：原石、竹筒尺寸：約7611 cm全天然純手工製作，實品拍攝，但仍會有些許色差，不介意再購買', 'rock79.jpg,rock80.jpg,rock81.jpg,rock82.jpg', 3, 5000, '-恐龍蛋- 石頭藝品 原石擺飾 石頭擺飾品 手作藝品 石頭擺件 - 設計館 Dadsartwork【原●始】 擺飾/家飾品 - Pinkoi', NULL, '2024-03-12 09:23:46', NULL),
(51, '石頭火', 2, '沉浸在侘寂風的寧靜美感中，每一片石頭都是自然的藝術品，配上燭光，散發著柔和而溫暖的光芒。這不僅是一個裝飾，更是一種生活的藝術，帶給您家居空間寧靜、淡雅的氛圍。', 'rock83.jpg,rock84.jpg,rock85.jpg,rock86.jpg', 3, 8755, '侘寂風石頭燭台擺飾 – 司麥歐精品燈飾/家居/擺件 (smile-lamp.com.tw)', NULL, '2023-03-01 09:23:46', NULL),
(52, '天石雕', 2, '「來福」，帶點土氣的名稱，卻貼近了童年回憶，以及那份忠實的情感。在設計師的巧手下，以可愛逗趣的造型表現狗狗的靈韻，手掌般大小，宛如小巧可愛的棉花糖，帶來甜甜、幸福的好滋味。毛茸茸的臉龐，蓋住了可愛無辜的雙眼，摸摸暖呼呼的牠，療癒了煩悶的心，一起重「心」出發吧!', 'rock87.jpg,rock88.jpg,rock89.jpg,rock90.jpg', 3, 2120, '【療癒擺件 | 擺飾 】獨立鬆獅犬-狗狗造型石雕 - 設計館 CHU, AN Design 擺飾/家飾品 - Pinkoi', NULL, '2024-03-03 09:23:46', NULL),
(53, '可折疊露營餐具組', 3, '這款相當輕量的折疊式餐具，適合在野餐郊遊或露營料理時使用。優勢：摺疊性及採用堅固的不鏽鋼材質製成2件不鏽鋼餐具（叉子、湯匙）相當耐用，摺疊後可輕鬆放入餐具套中收納。', 'outdoor58.webp,outdoor59.webp,outdoor60.webp,outdoor61.webp', 5, 399, 'https://decathlon.tw/dsm-309005.html', NULL, '2024-03-02 09:23:46', NULL),
(55, '防潑水羽絨睡袋', 3, '我們在法國阿爾卑斯山設計這款RDS*認證羽毛睡袋，讓你在0°C以上的溫度舒適入眠。輕盈、舒適、保暖的羽絨及羽毛適合0°C使用的羽毛睡袋（羽絨，800 cuins）：頂級。L號重945 g：溫暖、輕量且輕巧。木乃伊形狀，非常舒適。符合人體工學的連帽。雙拉鍊頭設計。防潑水。', 'outdoor1.webp,outdoor2.webp,outdoor3.webp,outdoor4.webp', 5, 4900, 'https://decathlon.tw/dsm-309272.html', NULL, '2024-03-06 09:23:46', NULL),
(58, '釣魚運動折疊椅', 3, '我們的設計團隊設計出這款產品，讓你以舒適的方式進行你熱愛的釣魚運動。舒適輕巧的設計附有背帶的輕巧設計，攜帶十分方便', 'outdoor16.webp,outdoor17.webp,outdoor18.webp,outdoor19.webp', 5, 499, 'https://decathlon.tw/dsm-9117.html', NULL, '2024-03-06 09:23:46', NULL),
(62, '虎造石雕', 2, '「來福」，帶點土氣的名稱，卻貼近了童年回憶，以及那份忠實的情感。在設計師的巧手下，以可愛逗趣的造型表現狗狗的靈韻，手掌般大小，宛如小巧可愛的棉花糖，帶來甜甜、幸福的好滋味。毛茸茸的臉龐，蓋住了可愛無辜的雙眼，摸摸暖呼呼的牠，療癒了煩悶的心，一起重「心」出發吧!', 'rock71.jpg,rock72.jpg,rock73.jpg,rock74.jpg', 3, 3220, '', NULL, '2024-03-03 09:23:46', NULL),
(73, '美杜莎花瓶', 2, '受美杜莎獨特形狀的啟發，美杜莎陶瓷強調了柔軟的橢圓形和水母的細節。優雅的雕刻，美杜莎花瓶底座由許多小圓錐形腿略微抬離地板，讓人想起水母的觸鬚。可以輕鬆放置在任何室內設計中，可作為雕塑品或花瓶裝飾品。美杜莎有花瓶和托盤兩種形式，由陶瓷製成。', 'rock9.jpeg,rock10.jpeg,rock11.jpeg,rock12.jpeg', 2, 3200, 'https://101cph.tw/zh/products/%E7%BE%8E%E6%9D%9C%E8%8E%8E%E8%8A%B1%E7%93%B6-%E5%A4%A7-%E5%92%96%E5%95%A1%E8%89%B2', NULL, '2024-04-01 09:23:46', NULL),
(118, '鑿子', 4, '就是鑿子', 'axe.png', NULL, 100, NULL, 122, '2024-04-01 14:30:22', NULL),
(119, '便當', 4, NULL, 'bento.png', 7, 300, NULL, NULL, '2024-04-01 14:30:22', NULL),
(120, '燈光', 4, NULL, 'flashlight.png', NULL, 200, NULL, NULL, '2024-04-01 14:30:22', NULL),
(121, '鬼魂', 4, '', 'ghost.png', NULL, 500, NULL, NULL, '2024-04-01 14:30:22', NULL),
(122, '繩索', 4, NULL, 'lasso.png', NULL, 100, NULL, NULL, '2024-04-01 14:30:22', NULL),
(123, '開鎖', 4, NULL, 'padlock.png', NULL, 600, NULL, NULL, '2024-04-01 14:30:22', NULL),
(124, '石塊', 4, NULL, 'stone.png', NULL, 1, NULL, NULL, '2024-04-01 14:39:27', NULL),
(125, '寶藏', 4, NULL, 'treasure-chest.png', NULL, 1000, NULL, NULL, '2024-04-01 14:30:22', NULL),
(126, '水瓶', 4, '', 'water.png', NULL, 300, NULL, NULL, '2024-04-01 14:30:22', NULL);

-- --------------------------------------------------------

--
-- 資料表結構 `ca_product_comment`
--

CREATE TABLE `ca_product_comment` (
  `comment_id` int(11) NOT NULL,
  `member_id` int(11) NOT NULL,
  `pid` int(11) DEFAULT NULL,
  `purchase_order_id` varchar(255) NOT NULL,
  `score` decimal(10,1) NOT NULL,
  `comment` varchar(255) DEFAULT NULL,
  `create_at` datetime NOT NULL
) ENGINE=InnoDB DEFAULT CHARSET=utf8mb4 COLLATE=utf8mb4_general_ci;

--
-- 傾印資料表的資料 `ca_product_comment`
--

INSERT INTO `ca_product_comment` (`comment_id`, `member_id`, `pid`, `purchase_order_id`, `score`, `comment`, `create_at`) VALUES
(1, 3, 1, '66ce0d34-0247-4e7c-9bb7-f1698f5b70f9', 4.0, '使用效果非常好! ', '2024-01-05 22:51:31'),
(2, 3, NULL, '66ce0d34-0247-4e7c-9bb7-f1698f5b70f9', 5.0, '使用效果非常好! ', '2024-01-05 22:51:42'),
(19, 56, NULL, '04e3e8ee8ba146648f3193c859749cb3', 4.5, '色彩繽紛，很值得購買～', '2024-01-17 15:45:14'),
(20, 56, NULL, '0edf4d8ea49245eab8ff36e8b67f2de4', 5.0, '效果一極棒！！', '2024-01-17 16:23:31'),
(21, 51, NULL, 'e0f30b684d8f4b2e9e2400fc833b0270', 5.0, '這個帳篷真的超棒！設計很實用，很容易設置，我們全家在露營時都非常喜歡它。', '2024-01-17 22:35:26'),
(22, 51, NULL, 'e0f30b684d8f4b2e9e2400fc833b0270', 4.5, '誠實說，我對這個睡袋的品質有點失望。它的保暖性不夠好，我在晚上還是感覺有點冷。', '2024-01-17 22:36:16'),
(23, 51, NULL, 'e0f30b684d8f4b2e9e2400fc833b0270', 4.0, '露營桌椅組非常輕便，携帶方便。我們整個團隊都很享受在露營地使用它們。', '2024-01-17 22:37:08'),
(24, 51, NULL, 'e0f30b684d8f4b2e9e2400fc833b0270', 4.5, '這個折疊椅非常堅固耐用，我們使用了好幾次，仍然保持良好的狀態。', '2024-01-17 22:37:45'),
(25, 57, NULL, 'a1889fa15cb84ab2991d83f13dd733b4', 4.5, '露營燈光非常亮，但是電池很快就耗盡了。建議帶備額外的電池。', '2024-01-18 09:55:12'),
(26, 57, NULL, 'a1889fa15cb84ab2991d83f13dd733b4', 5.0, '帳篷的防水效果非常好，我們在下大雨的情況下使用過，裡面一點也沒有濕。', '2024-01-18 09:55:51'),
(27, 57, NULL, 'a1889fa15cb84ab2991d83f13dd733b4', 4.5, '營地鍋非常實用，能夠快速煮食，讓我們在露營時節省了很多時間。', '2024-01-18 09:56:17'),
(28, 57, NULL, 'a1889fa15cb84ab2991d83f13dd733b4', 5.0, '我對這個睡墊的舒適度非常滿意，它提供了良好的支撐，我在露營期間睡得非常好。', '2024-01-18 09:56:51'),
(29, 54, NULL, '1bf78b7337084e05a57232e298aee124', 5.0, '這個折疊水壺非常方便攜帶，但是它的密封性有點差，有時候會漏水。', '2024-01-18 10:00:29'),
(30, 54, NULL, '1bf78b7337084e05a57232e298aee124', 2.0, '露營用餐具套裝很實用，材質輕巧但堅固耐用，非常適合我們的露營旅行。', '2024-01-18 10:03:22'),
(31, 53, NULL, '0e6d9396a73044a49cc050da14a54319', 4.0, '我對這個野餐墊的品質非常滿意，它輕巧且易於攜帶，而且很容易清潔。', '2024-01-18 10:04:48'),
(32, 53, NULL, '0e6d9396a73044a49cc050da14a54319', 4.0, '露營營地遮陽篷是我們在陽光炎熱的日子裡的最佳選擇，它提供了足夠的陰影，讓我們可以舒適地休息', '2024-01-18 10:05:24'),
(33, 58, NULL, '599cfad92fe848128d7f0e9db35633c2', 3.5, '出貨速度快但材質不符合預期QQ', '2024-01-18 10:18:14'),
(34, 58, NULL, '599cfad92fe848128d7f0e9db35633c2', 5.0, 'CP值超高，真的是人人都要有一組！！！', '2024-01-18 10:18:57'),
(35, 59, NULL, '25a30b5f1f87461b852dc25579345a0c', 4.0, '買錯重量，意外發現手感挺好', '2024-01-18 10:23:34'),
(36, 59, NULL, '25a30b5f1f87461b852dc25579345a0c', 5.0, '這個露營鍋非常耐用，我們在野外使用了好幾次，它依然保持著良好的狀態。', '2024-01-18 10:24:09'),
(37, 59, NULL, '25a30b5f1f87461b852dc25579345a0c', 5.0, '我對這個折疊營地桌的穩定性感到滿意，即使放在不平坦的地面上，它也能夠保持穩固。', '2024-01-18 10:24:32'),
(38, 59, NULL, '25a30b5f1f87461b852dc25579345a0c', 4.5, '露營用餐具套裝的設計非常貼心，每個物品都有自己的收納袋，很方便攜帶和收納。', '2024-01-18 10:25:01'),
(39, 60, NULL, '2fad3e66e58242dab75469c67ff048b1', 5.0, '我對這個露營用的鍋爐感到滿意，它加熱快速且節能，是我們露營時的不可或缺之物。', '2024-01-18 10:29:33'),
(40, 60, NULL, '2fad3e66e58242dab75469c67ff048b1', 5.0, '這個露營床非常輕便，但支撐力很強，我們在睡眠中感到非常舒適。', '2024-01-18 10:31:43'),
(46, 52, 1, '1fa49fd4d2f64fea83d0d1ee473b2b71', 3.5, '收到直接變我的新寵！！！', '2024-01-18 10:39:32'),
(47, 52, NULL, '1fa49fd4d2f64fea83d0d1ee473b2b71', 4.0, '這個露營用的水袋很實用，可以方便地攜帶大量的水，在野外活動中非常方便。', '2024-01-18 10:40:08'),
(48, 52, 1, '1fa49fd4d2f64fea83d0d1ee473b2b71', 5.0, '花瓶的造型簡潔大方，我放了一束野花進去，瞬間就讓房間的氣氛變得更加愉悅和輕鬆。', '2024-01-18 10:40:39'),
(49, 52, NULL, '1fa49fd4d2f64fea83d0d1ee473b2b71', 5.0, '我對這個露營用的折疊凳感到滿意，它輕便易攜，但座位很穩固，是露營時的好幫手。', '2024-01-18 10:41:26'),
(50, 60, 1, '2fad3e66e58242dab75469c67ff048b1', 5.0, '這個花瓶的設計非常優雅，我喜歡它簡約而又精緻的外觀，完美地裝飾了我的客廳。', '2024-01-18 10:43:11'),
(51, 60, 1, '2fad3e66e58242dab75469c67ff048b1', 5.0, '花瓶的材質很優質，顏色也很漂亮，我在裡面插了一束鮮花，整個房間都變得生機勃勃了。', '2024-01-18 10:43:47'),
(52, 58, 1, '599cfad92fe848128d7f0e9db35633c2', 4.5, '這個花瓶的工藝精湛，每一個細節都非常用心，我可以看出製作者的用心和專業。', '2024-01-18 10:56:25'),
(53, 58, 1, '599cfad92fe848128d7f0e9db35633c2', 5.0, '我非常滿意這個花瓶的大小，它可以容納很多不同種類的花卉，而且不會顯得擁擠。', '2024-01-18 10:56:57'),
(54, 53, 1, '0e6d9396a73044a49cc050da14a54319', 5.0, '花瓶的口徑適中，很容易插花，而且不會讓花束看起來太擁擠或太稀疏。', '2024-01-18 10:59:12'),
(55, 53, 1, '0e6d9396a73044a49cc050da14a54319', 5.0, '我對這個花瓶的質量感到滿意，它的厚度適中，不易碎裂，給人一種很穩固的感覺。', '2024-01-18 10:59:30'),
(56, 54, 1, '1bf78b7337084e05a57232e298aee124', 5.0, '這個花瓶的設計很獨特，我在它的底部放了一些小石子，讓花束看起來更穩固和美觀。', '2024-01-18 11:02:21'),
(57, 54, 1, '1bf78b7337084e05a57232e298aee124', 4.5, '我很喜歡這個花瓶的顏色，它與我房間的裝飾完美搭配，讓整個空間更加溫馨和舒適。', '2024-01-18 11:03:02'),
(58, 56, 1, '59d2b116b8de4ebb9f57992a3d99c459', 4.0, '這個花瓶的價格非常實惠，但品質卻很好，是我在網上買到的最滿意的一個花瓶。', '2024-01-19 10:04:14'),
(59, 51, 1, '1fa49fd4d2f64fea83d0d1ee473b2b71', 5.0, '我很喜歡這個露營燈的多功能性，它既可以作為手電筒使用，也可以作為掛燈使用，非常方便。', '2024-01-18 10:39:32'),
(60, 162, NULL, '12159303f0f044c2a9cefcf8ca181a09', 3.0, 'eee', '2024-04-21 20:45:05'),
(61, 162, 4, '12159303f0f044c2a9cefcf8ca181a09', 3.0, 'eee', '2024-04-21 20:49:00'),
(62, 162, 4, '12159303f0f044c2a9cefcf8ca181a09', 3.0, 'krevin', '2024-04-21 20:56:16'),
(63, 162, 4, '12159303f0f044c2a9cefcf8ca181a09', 3.0, 'krevin', '2024-04-21 20:59:27'),
(64, 162, 4, '12159303f0f044c2a9cefcf8ca181a09', 3.0, 'krevin', '2024-04-21 21:00:19'),
(65, 162, 4, '12159303f0f044c2a9cefcf8ca181a09', 3.0, 'krevin', '2024-04-21 21:03:05'),
(66, 162, 7, '15a3f16124b04ae6a85a6e9df01456fb', 4.0, 'kvdfsfsdf', '2024-04-21 21:03:22'),
(67, 162, 7, '15a3f16124b04ae6a85a6e9df01456fb', 4.0, 'kvdfsfsdf', '2024-04-21 21:03:55'),
(68, 162, 10, '2faf21bc2e7e4ec980b8cefe75e26ae3', 4.0, 'tttttetwtqwrewerw', '2024-04-21 21:18:19'),
(69, 162, 10, '2faf21bc2e7e4ec980b8cefe75e26ae3', 4.0, 'tttttetwtqwrewerw', '2024-04-21 21:18:27'),
(70, 162, 4, '12159303f0f044c2a9cefcf8ca181a09', 3.0, 'dwfefwefwwewqwer', '2024-04-21 21:21:43'),
(71, 161, 14, '4bbb60589895440d986a4d4c3b0441dc', 3.0, 'wwwerw', '2024-04-21 21:29:01'),
(72, 161, 10, '4bbb60589895440d986a4d4c3b0441dc', 4.0, 'werwerret', '2024-04-21 21:29:08'),
(73, 161, 10, '4bbb60589895440d986a4d4c3b0441dc', 4.0, 'werwerret', '2024-04-21 21:30:32'),
(74, 161, 15, 'b9af300171044f498888969b5f699d14', 4.0, 'll', '2024-04-21 21:38:00'),
(75, 161, 7, '7aaa960e7a294c4b93e8e552e6a0d210', 4.0, 'lkjljjjjjjwrtqwrtwrt', '2024-04-21 21:51:09'),
(76, 161, 10, 'df161f904a904b88a89acf045f17ced1', 4.0, 'qwewerwerd', '2024-04-21 21:52:09'),
(77, 161, 5, 'b9af300171044f498888969b5f699d14', 3.0, 'kkljl', '2024-04-21 21:52:51'),
(78, 161, 58, 'b9af300171044f498888969b5f699d14', 4.0, 'kkkkkdfjsldfjalsdfjl;sdkjflskdjfl', '2024-04-21 22:02:44'),
(79, 161, 51, '73e6aaa436e14a319eda60eec856e027', 3.0, 'levev', '2024-04-21 22:04:37'),
(80, 161, 10, '04c3bdfe432c4ae1b5914f5fa4fb57cc', 4.0, ',,,', '2024-04-21 22:08:11');

-- --------------------------------------------------------

--
-- 資料表結構 `ca_product_like`
--

CREATE TABLE `ca_product_like` (
  `like_id` int(11) NOT NULL,
  `member_id` int(11) NOT NULL,
  `product_sid` int(11) NOT NULL
) ENGINE=InnoDB DEFAULT CHARSET=utf8mb4 COLLATE=utf8mb4_general_ci;

--
-- 傾印資料表的資料 `ca_product_like`
--

INSERT INTO `ca_product_like` (`like_id`, `member_id`, `product_sid`) VALUES
(5, 56, 128),
(17, 56, 2),
(23, 56, 105),
(25, 56, 110),
(30, 56, 112),
(38, 56, 108),
(39, 56, 33),
(44, 56, 6),
(45, 56, 34),
(50, 56, 50),
(57, 56, 28),
(58, 56, 60);

-- --------------------------------------------------------

--
-- 資料表結構 `ca_purchase_order`
--

CREATE TABLE `ca_purchase_order` (
  `sid` int(11) NOT NULL,
  `purchase_order_id` varchar(255) NOT NULL,
  `member_id` varchar(255) NOT NULL,
  `recipient` varchar(255) NOT NULL,
  `recipient_mobile` varchar(15) NOT NULL,
  `store_id` int(11) NOT NULL,
  `store_name` varchar(11) NOT NULL,
  `shipping_method` varchar(255) NOT NULL,
  `shipping_fee` int(11) NOT NULL,
  `total_amount` int(11) NOT NULL,
  `payment_method` varchar(255) NOT NULL,
  `payment_status` varchar(255) NOT NULL,
  `status` varchar(255) NOT NULL,
  `created_at` datetime DEFAULT NULL
) ENGINE=InnoDB DEFAULT CHARSET=utf8mb4 COLLATE=utf8mb4_general_ci;

--
-- 傾印資料表的資料 `ca_purchase_order`
--

INSERT INTO `ca_purchase_order` (`sid`, `purchase_order_id`, `member_id`, `recipient`, `recipient_mobile`, `store_id`, `store_name`, `shipping_method`, `shipping_fee`, `total_amount`, `payment_method`, `payment_status`, `status`, `created_at`) VALUES
(1, 'f7febc0696034a05aa26ccda9736ce5e', '56', '吳', '0928631136', 185394, '', '7-11店到店(運費$60)', 60, 1100, 'LinePay', '已付款', '訂單處理中', '2024-01-15 13:36:30'),
(65, '0f23e60cf4644ed28ed821b8530a3aa8', '56', '吳', '0928631136', 240226, '', '7-11店到店(運費$60)', 60, 1030, 'LinePay', '已付款', '已完成', '2024-01-10 14:13:06'),
(77, 'b4a48b8eb3364aff9c50587fd199efce', '56', '吳', '0928631136', 844745, '', '7-11店到店(運費$60)', 60, 1340, 'LinePay', '已付款', '運送中', '2024-01-12 21:55:20'),
(137, '53ba17d4db114b87b4afd04363704220', '56', '吳', '0928631136', 262329, '', '7-11店到店(運費$60)', 60, 6200, 'LinePay', '已付款', '訂單處理中', '2024-01-16 16:46:30'),
(144, '59d2b116b8de4ebb9f57992a3d99c459', '56', '吳', '0928631136', 187301, '', '7-11店到店(運費$60)', 60, 960, 'LinePay', '已付款', '已完成', '2024-01-17 16:01:50'),
(145, 'e0f30b684d8f4b2e9e2400fc833b0270', '51', 'lai', '0983105501', 248714, '', '7-11店到店(運費$60)', 60, 4000, 'LinePay', '已付款', '已完成', '2024-01-17 22:27:57'),
(147, '1fa49fd4d2f64fea83d0d1ee473b2b71', '52', '婷', '0988210120', 244365, '', '7-11店到店(運費$60)', 60, 4330, 'LinePay', '已付款', '已完成', '2024-01-17 22:56:58'),
(148, '0e6d9396a73044a49cc050da14a54319', '53', '許', '0958998789', 244365, '', '7-11店到店(運費$60)', 60, 4000, 'LinePay', '已付款', '已完成', '2024-01-17 23:04:11'),
(149, '1bf78b7337084e05a57232e298aee124', '54', 'chen', '0908764358', 185981, '', '7-11店到店(運費$60)', 60, 3740, 'LinePay', '已付款', '已完成', '2024-01-17 23:09:15'),
(150, 'a1889fa15cb84ab2991d83f13dd733b4', '57', '林', '0988750641', 210845, '', '7-11店到店(運費$60)', 60, 4000, 'LinePay', '已付款', '已完成', '2024-01-18 09:51:31'),
(151, '599cfad92fe848128d7f0e9db35633c2', '58', 'lin', '0988256815', 855398, '', '7-11店到店(運費$60)', 60, 3740, 'LinePay', '已付款', '已完成', '2024-01-18 10:09:53'),
(152, '25a30b5f1f87461b852dc25579345a0c', '59', 'lin', '0958971178', 121415, '', '7-11店到店(運費$60)', 60, 5190, 'LinePay', '已付款', '已完成', '2024-01-18 10:21:55'),
(153, '2fad3e66e58242dab75469c67ff048b1', '60', '羅', '0988521487', 251455, '', '7-11店到店(運費$60)', 60, 4000, 'LinePay', '已付款', '已完成', '2024-01-18 10:27:24'),
(154, '83641a2a84bd435e9a085f9b54167377', '56', '吳', '0928631136', 244365, '', '7-11店到店(運費$60)', 60, 1100, 'LinePay', '已付款', '已完成', '2024-01-18 19:53:09'),
(155, '1a05f5e3dad9491faa899591e29f9c25', '56', 'cheng', '0928631136', 135492, '', '7-11店到店(運費$60)', 60, 1770, 'LinePay', '已付款', '已完成', '2024-01-19 09:20:42'),
(158, '09166a7bfed949618df33be7cb83fcb8', '56', 'cheng', '0928631136', 264211, '', '7-11店到店(運費$60)', 60, 3350, 'LinePay', '已付款', '訂單處理中', '2024-01-23 22:36:36'),
(159, 'ad8fb0941fe84d73b240a3ce59a5cb75', '56', 'wu', '0928631136', 195885, '', '7-11店到店(運費$60)', 60, 1280, 'LinePay', '未付款', '訂單處理中', '2024-01-24 10:16:05'),
(170, 'bfea44adfc1c4898bd3d6ffebec23923', '161', 'test2', '0909988779', 147141, '', '7-11店到店(運費$60)', 0, 109659, 'LinePay', '已付款', '已完成', '2024-04-16 16:42:22'),
(171, '3de13b2c0f1d4337894199409995094c', '161', 'test2', '0909988779', 235604, '', '7-11店到店(運費$60)', 0, 78220, 'LinePay', '未付款', '訂單處理中', '2024-04-16 22:45:21'),
(172, '04c3bdfe432c4ae1b5914f5fa4fb57cc', '161', 'test2', '0909988779', 251455, '', '7-11店到店(運費$60)', 0, 78220, 'LinePay', '已付款', '已完成', '2024-04-17 22:16:31'),
(173, '3e0e62030dc543f0ae96704445b09acc', '161', 'test2', '0909988779', 264897, '', '7-11店到店(運費$60)', 0, 78220, 'LinePay', '已付款', '已完成', '2024-04-17 22:17:23'),
(174, '9fc6141f16f540cebfdace468497bb7f', '161', 'test2', '0909988779', 844745, '', '7-11店到店(運費$60)', 0, 4220, 'LinePay', '已付款', '訂單處理中', '2024-04-17 22:27:00'),
(175, '3fc530543e1848198acd009d9171518f', '161', 'test2', '0909988779', 992381, '', '7-11店到店(運費$60)', 0, 17255, 'LinePay', '未付款', '訂單處理中', '2024-04-18 13:26:44'),
(176, '8ae244264e184f76bf08151281535e24', '161', 'test2', '0909988779', 240950, '', '7-11店到店(運費$60)', 60, 17570, 'LinePay', '未付款', '訂單處理中', '2024-04-18 14:11:08'),
(178, '73e6aaa436e14a319eda60eec856e027', '161', 'test2', '0909988779', 264897, '', '7-11店到店(運費$60)', 60, 8815, 'LinePay', '未付款', '訂單處理中', '2024-04-18 14:31:43'),
(179, 'df161f904a904b88a89acf045f17ced1', '161', 'test2', '0909988779', 198585, '金芝門市', '7-11店到店(運費$60)', 60, 280, 'LinePay', '已付款', '已完成', '2024-04-18 14:38:46'),
(180, '7aaa960e7a294c4b93e8e552e6a0d210', '161', 'test2', '0909988779', 254225, '富華門市', '7-11店到店(運費$60)', 0, 8755, 'LinePay', '未付款', '訂單處理中', '2024-04-18 14:52:51'),
(181, 'b57b6c6f59234c2b9f2deb4f0542d0f9', '161', 'test2', '0909988779', 863698, '豫銘門市', '7-11店到店(運費$60)', 0, 44510, 'LinePay', '已付款', '訂單處理中', '2024-04-18 15:42:39'),
(182, 'b9af300171044f498888969b5f699d14', '161', 'test2', '0909988779', 118419, '聖心門市', '7-11店到店(運費$60)', 60, 59059, 'LinePay', '已付款', '已完成', '2024-04-18 21:38:09'),
(185, '4bbb60589895440d986a4d4c3b0441dc', '161', 'test2', '0909988779', 254225, '富華門市', '7-11店到店(運費$60)', 0, 78220, 'LinePay', '未付款', '訂單處理中', '2024-04-19 11:08:13'),
(186, '2faf21bc2e7e4ec980b8cefe75e26ae3', '162', 'sdsd', '0909988779', 992381, '福通門市', '7-11店到店(運費$60)', 0, 1980, 'LinePay', '已付款', '已完成', '2024-04-19 18:02:27'),
(187, '15a3f16124b04ae6a85a6e9df01456fb', '162', 'ww', '0909988779', 237253, '陡門頭門市', '7-11店到店(運費$60)', 0, 8755, 'LinePay', '已付款', '訂單處理中', '2024-04-20 15:16:55'),
(188, '12159303f0f044c2a9cefcf8ca181a09', '162', 'kk', '0909988779', 237253, '陡門頭門市', '7-11店到店(運費$60)', 0, 8000, 'LinePay', '已付款', '訂單處理中', '2024-04-20 15:31:52'),
(189, '17258aac721743efa4b0ff2684c414d1', '161', 'test2', '0909988779', 198585, '金芝門市', '7-11店到店(運費$60)', 0, 61077, 'LinePay', '已付款', '訂單處理中', '2024-04-22 11:02:57'),
(190, '98059b38985841a3becf972e138db652', '161', 'test2', '0909988779', 254225, '富華門市', '7-11店到店(運費$60)', 0, 220, 'LinePay', '未付款', '訂單處理中', '2024-04-22 11:14:01'),
(191, '6a2448b1c7954272a60a7fb46ebb0523', '161', 'test2', '0909988779', 254225, '富華門市', '7-11店到店(運費$60)', 0, 220, 'LinePay', '未付款', '訂單處理中', '2024-04-22 11:14:04'),
(192, '1c707a3663cb4be6b4f652ac516ee093', '161', 'test2', '0909988779', 175032, '中廣門市', '7-11店到店(運費$60)', 0, 700, 'LinePay', '已付款', '訂單處理中', '2024-04-22 11:27:37'),
(193, 'd63610e67e33450b9ac502cbc9433e75', '161', 'test2', '0909988779', 238533, '合維門市', '7-11店到店(運費$60)', 0, 15900, 'LinePay', '已付款', '訂單處理中', '2024-04-22 11:31:26'),
(194, '897efe48c03948fab128d23a5a17c43a', '161', 'test2', '0909988779', 198873, '淺水灣門市', '7-11店到店(運費$60)', 0, 103839, 'LinePay', '已付款', '訂單處理中', '2024-04-22 11:34:43'),
(195, 'c910862989594ee49b2dce26fbbb4045', '161', 'test2', '0909988779', 175032, '中廣門市', '7-11店到店(運費$60)', 0, 31919, 'LinePay', '已付款', '訂單處理中', '2024-04-22 11:39:12'),
(196, '84a4fabedebe4093b04a4f5db25cdabe', '161', 'test2', '0909988779', 240950, '文林門市', '7-11店到店(運費$60)', 0, 8755, 'LinePay', '已付款', '訂單處理中', '2024-04-22 11:50:32'),
(197, '81c9e6ffc3b141f1b9b2b1c674998c62', '161', 'test2', '0909988779', 238533, '合維門市', '7-11店到店(運費$60)', 0, 1800, 'LinePay', '已付款', '訂單處理中', '2024-04-22 15:08:19'),
(198, '0854d6a0989c43b99de7a1db5c5e5512', '161', 'test2', '0909988779', 863698, '豫銘門市', '7-11店到店(運費$60)', 0, 2999, 'LinePay', '已付款', '訂單處理中', '2024-04-22 16:02:08'),
(199, 'd4c7fff53810492d8c7415ce3d91b7a2', '161', '', '0', 135492, '信安門市', '7-11店到店(運費$60)', 0, 200, 'LinePay', '已付款', '訂單處理中', '2024-04-22 21:06:06'),
(200, '52fbabc62ef44a04ba707ff09df21c1d', '161', '', '0', 135492, '信安門市', '7-11店到店(運費$60)', 0, 0, 'LinePay', '未付款', '訂單處理中', '2024-04-22 21:06:42'),
(201, '2edc9adf5bcc48baa82adcab121b303a', '161', '', '0', 135492, '信安門市', '7-11店到店(運費$60)', 0, 0, 'LinePay', '未付款', '訂單處理中', '2024-04-22 21:07:27'),
(202, '0aec905e28a247edaa279b1f4498a7ce', '161', '', '0', 135492, '信安門市', '7-11店到店(運費$60)', 0, 300, 'LinePay', '未付款', '訂單處理中', '2024-04-22 21:16:00'),
(203, 'd8b0f5ffb2854466bc849011f4be2d61', '161', 'test2', '0912345678', 135492, '信安門市', '7-11店到店(運費$60)', 0, 1000, 'LinePay', '已付款', '訂單處理中', '2024-04-22 21:19:08'),
(204, 'bb4b6f4c961847f69d3500fc726b403d', '161', 'test2', '0909988779', 254225, '富華門市', '7-11店到店(運費$60)', 0, 78220, 'LinePay', '已付款', '訂單處理中', '2024-04-22 21:28:46'),
(205, 'f74bbbfb9b114c6683fceafab0c237d8', '161', 'test2', '0909988779', 118419, '聖心門市', '7-11店到店(運費$60)', 0, 8755, 'LinePay', '已付款', '訂單處理中', '2024-04-22 21:35:58'),
(206, '3d97230c87a3460b9d7e9ac42a729d66', '161', 'test2', '0909988779', 118419, '聖心門市', '7-11店到店(運費$60)', 0, 8755, 'LinePay', '已付款', '訂單處理中', '2024-04-22 21:36:16'),
(207, '8ce9f6f01ee44c7387957164556ef2ea', '161', 'test2', '0909988779', 184508, '大饌門市', '7-11店到店(運費$60)', 0, 148699, 'LinePay', '已付款', '訂單處理中', '2024-04-22 21:47:32'),
(208, '2d3c9acdcf31442f87f3335ef985dea4', '161', 'test2', '0909988779', 989086, '仁五門市', '7-11店到店(運費$60)', 0, 173420, 'LinePay', '已付款', '訂單處理中', '2024-04-22 21:49:33'),
(209, '30cbdfceb6464899914f0e1f3ee8dfb6', '161', 'test2', '0909988779', 254225, '富華門市', '7-11店到店(運費$60)', 0, 314397, 'LinePay', '已付款', '訂單處理中', '2024-04-22 21:51:45'),
(210, '336c5acbfe5944c29c7d18f0c03945f8', '162', 'kkk', '0909988779', 863698, '豫銘門市', '7-11店到店(運費$60)', 0, 78000, 'LinePay', '已付款', '訂單處理中', '2024-04-23 09:34:59'),
(211, 'e8cde470e66e447cab6c71a7f4c283b3', '162', 'kkkkkk', '0909988779', 163512, '六工門市', '7-11店到店(運費$60)', 0, 112920, 'LinePay', '未付款', '訂單處理中', '2024-04-23 09:41:31'),
(212, '721e7d691eeb4c5497915815806b4c49', '162', 'kev', '0909988779', 235198, '新橫濱門市', '7-11店到店(運費$60)', 0, 12754, 'LinePay', '已付款', '訂單處理中', '2024-04-23 09:49:43'),
(213, '62a5ab9e284e4510b6d4b8710770f6ab', '162', 'kevin', '0909988779', 163903, '福祥門市', '7-11店到店(運費$60)', 0, 220, 'LinePay', '未付款', '訂單處理中', '2024-04-23 10:28:01'),
(214, '4d807b7917f648d0b54f31ea3c3fc733', '162', 'kevin', '0909988779', 163903, '福祥門市', '7-11店到店(運費$60)', 0, 220, 'LinePay', '未付款', '訂單處理中', '2024-04-23 10:28:15'),
(215, 'd2a337ca261e4b409bafce22bb6cc34c', '162', 'qaa', '0909988779', 255387, '仁安門市', '7-11店到店(運費$60)', 0, 220, 'LinePay', '已付款', '訂單處理中', '2024-04-23 10:44:23'),
(216, '2587801cee7149379ce1700584784db4', '162', 'kev', '0909988779', 198585, '金芝門市', '7-11店到店(運費$60)', 0, 4500, 'LinePay', '已付款', '訂單處理中', '2024-04-23 10:55:50'),
(217, 'f6eb4bfd7af3465f8645c527271be66e', '162', 'kevin', '0909988779', 273776, '府中門市', '7-11店到店(運費$60)', 0, 5000, 'LinePay', '已付款', '訂單處理中', '2024-04-23 11:34:10'),
(218, 'bc80760a06c54ce9be29f3e0463b077e', '162', 'kevinlai', '0909988779', 121208, '板慶門市', '7-11店到店(運費$60)', 0, 291000, 'LinePay', '已付款', '訂單處理中', '2024-04-23 11:56:43'),
(219, 'fbc6037033d1490286a4b73659dc3629', '162', 'kevin', '0909988779', 255387, '仁安門市', '7-11店到店(運費$60)', 0, 24000, 'LinePay', '未付款', '訂單處理中', '2024-04-23 13:17:36'),
(220, '2a6d2b1f09814f818db7363949e1dc91', '162', 'mm', '0909988779', 255387, '仁安門市', '7-11店到店(運費$60)', 0, 8755, 'LinePay', '已付款', '訂單處理中', '2024-04-23 14:01:44'),
(221, 'a1ef65ef41b94fbcbefc6d25c6c192ce', '162', 'kk', '0909988779', 118419, '聖心門市', '7-11店到店(運費$60)', 0, 182500, 'LinePay', '已付款', '訂單處理中', '2024-04-23 14:37:57'),
(222, '5cb4a0c7468e4ff4a01857d019c406b9', '162', 'asd', '0909988779', 240950, '文林門市', '7-11店到店(運費$60)', 0, 780000, 'LinePay', '已付款', '訂單處理中', '2024-04-23 14:45:00'),
(223, '0570d0537d324d4989c4b30758725dbf', '162', 'lklkjk', '0909988779', 118419, '聖心門市', '7-11店到店(運費$60)', 0, 131325, 'LinePay', '已付款', '訂單處理中', '2024-04-23 14:53:45'),
(224, '0a1248e2807242659fed459d66c5667d', '162', 'kevin', '0909988779', 863698, '豫銘門市', '7-11店到店(運費$60)', 0, 780000, 'LinePay', '已付款', '訂單處理中', '2024-04-23 14:57:21'),
(225, '14a7198bbb274b739e06f6faec976083', '162', 'kjkjk', '0909988779', 163512, '六工門市', '7-11店到店(運費$60)', 0, 648000, 'LinePay', '已付款', '訂單處理中', '2024-04-23 14:59:47');

-- --------------------------------------------------------

--
-- 資料表結構 `gm_coupon`
--

CREATE TABLE `gm_coupon` (
  `coupon_id` int(11) NOT NULL,
  `coupon_model_id` varchar(30) NOT NULL,
  `denomination` int(11) NOT NULL,
  `coupon_name` varchar(255) NOT NULL
) ENGINE=InnoDB DEFAULT CHARSET=utf8mb4 COLLATE=utf8mb4_general_ci;

--
-- 傾印資料表的資料 `gm_coupon`
--

INSERT INTO `gm_coupon` (`coupon_id`, `coupon_model_id`, `denomination`, `coupon_name`) VALUES
(1, '0005dollar.obj', 5, '5 dollar coupon'),
(2, '0010dollar.fbx', 10, '10 dollar coupon'),
(3, '0050dollar.gltz', 50, '50 dollar coupon'),
(4, '0100dollar.fbx', 100, '100 dollar coupon');

-- --------------------------------------------------------

--
-- 資料表結構 `gm_mission`
--

CREATE TABLE `gm_mission` (
  `mission_id` int(20) NOT NULL,
  `mission_name` varchar(255) NOT NULL,
  `activate` tinyint(1) NOT NULL
) ENGINE=InnoDB DEFAULT CHARSET=utf8mb4 COLLATE=utf8mb4_general_ci;

--
-- 傾印資料表的資料 `gm_mission`
--

INSERT INTO `gm_mission` (`mission_id`, `mission_name`, `activate`) VALUES
(1, 'Edit your avatar.', 1),
(2, 'You\'ve found a LINK.', 1),
(3, 'Teleport yourself.', 1),
(4, 'Have you seen HomePage?', 0),
(5, '!important member page', 0),
(6, 'View SNS', 0),
(7, 'Love window shopping', 0),
(8, 'tour tour tour', 0),
(9, 'LIVE WAREHOUSE.', 0),
(10, 'shut up & pay attention', 0),
(11, 'tic-tac-toe 01', 0),
(12, 'tic-tac-toe harder', 0),
(13, 'Done all.', 0);

-- --------------------------------------------------------

--
-- 資料表結構 `gm_skin`
--

CREATE TABLE `gm_skin` (
  `skin_id` int(11) NOT NULL,
  `skin_name` varchar(255) NOT NULL,
  `skin_model_id` varchar(255) NOT NULL,
  `role` varchar(255) NOT NULL,
  `skin_last_update` timestamp NOT NULL DEFAULT '0000-00-00 00:00:00' ON UPDATE current_timestamp()
) ENGINE=InnoDB DEFAULT CHARSET=utf8mb4 COLLATE=utf8mb4_general_ci;

--
-- 傾印資料表的資料 `gm_skin`
--

INSERT INTO `gm_skin` (`skin_id`, `skin_name`, `skin_model_id`, `role`, `skin_last_update`) VALUES
(1, 'pinkie', 'pinkie.gltz', 'useredit', '2024-04-11 17:37:20'),
(2, 'yucatan', 'yucatan.fbx', 'useroriginal', '2024-04-11 17:39:15');

-- --------------------------------------------------------

--
-- 資料表結構 `gm_user_achieved`
--

CREATE TABLE `gm_user_achieved` (
  `achieved_id` int(11) NOT NULL,
  `user_id` int(11) NOT NULL,
  `mission_id` varchar(20) NOT NULL,
  `name` varchar(20) NOT NULL,
  `title` varchar(40) NOT NULL,
  `description` varchar(90) NOT NULL,
  `activate` tinyint(4) NOT NULL,
  `achieved_last_update` timestamp NOT NULL DEFAULT current_timestamp() ON UPDATE current_timestamp()
) ENGINE=InnoDB DEFAULT CHARSET=utf8mb4 COLLATE=utf8mb4_general_ci;

--
-- 傾印資料表的資料 `gm_user_achieved`
--

INSERT INTO `gm_user_achieved` (`achieved_id`, `user_id`, `mission_id`, `name`, `title`, `description`, `activate`, `achieved_last_update`) VALUES
(1, 1, '1', 'Mission 001', 'Picked a character.', 'Avatar editing features are unlocked.', 1, '2024-04-11 09:58:50'),
(2, 1, '2', 'Mission 002', 'Found a Portal.', 'Awesome! You found a Portal.', 1, '2024-04-11 17:40:21'),
(3, 1, '3', 'Mission 003', 'Teleport yourself.', 'Link to some where else.', 1, '2024-04-11 10:02:22');

-- --------------------------------------------------------

--
-- 資料表結構 `gm_user_get_coupon`
--

CREATE TABLE `gm_user_get_coupon` (
  `user_id` int(11) NOT NULL,
  `user_get_coupon_id` int(11) NOT NULL,
  `coupon_id` int(8) NOT NULL,
  `last_update` timestamp NOT NULL DEFAULT current_timestamp() ON UPDATE current_timestamp()
) ENGINE=InnoDB DEFAULT CHARSET=utf8mb4 COLLATE=utf8mb4_general_ci;

--
-- 傾印資料表的資料 `gm_user_get_coupon`
--

INSERT INTO `gm_user_get_coupon` (`user_id`, `user_get_coupon_id`, `coupon_id`, `last_update`) VALUES
(1, 1, 5, '2024-04-11 17:35:46');

-- --------------------------------------------------------

--
-- 資料表結構 `mb_user`
--

CREATE TABLE `mb_user` (
  `id` int(11) NOT NULL,
  `name` varchar(255) DEFAULT NULL,
  `username` varchar(255) DEFAULT NULL,
  `email` varchar(255) NOT NULL,
  `phone` varchar(20) DEFAULT NULL,
  `password` varchar(255) DEFAULT NULL,
  `birthday` date DEFAULT NULL,
  `created_at` timestamp NOT NULL DEFAULT current_timestamp(),
  `fk_skin_id` int(11) DEFAULT NULL
) ENGINE=InnoDB DEFAULT CHARSET=utf8mb4 COLLATE=utf8mb4_general_ci;

--
-- 傾印資料表的資料 `mb_user`
--

INSERT INTO `mb_user` (`id`, `name`, `username`, `email`, `phone`, `password`, `birthday`, `created_at`, `fk_skin_id`) VALUES
(1, 'John Doe', 'johndoe', 'john_doe@example.com', '+1234567890', 'hashed_password_here', '1990-01-15', '2024-01-09 04:30:00', 3001),
(2, 'Jane Doe', 'janedoe', 'jane_doe@example.com', '+1234567891', 'hashed_password_here', '1985-05-20', '2024-01-09 05:45:00', 3002),
(3, 'Bob Smith', 'bobsmith', 'bob_smith@example.com', '+9876543210', 'hashed_password_here', '1978-08-08', '2024-01-09 06:15:00', 3001),
(4, 'Grace Taylor', 'gracetaylor', 'grace_taylor@example.com', '+1789012345', 'hashed_password_30', '1991-02-10', '2024-01-22 07:42:45', 3002),
(5, 'Liam Johnson', 'liamjohnson', 'liam_johnson@example.com', '+1890123456', 'hashed_password_31', '1982-11-25', '2024-01-22 07:43:30', 3001),
(6, 'John Doe', 'johndoe1', 'john_doe1@example.com', '+1234557890', 'hashed_password_here', '1990-01-15', '2024-01-22 07:38:48', 3001),
(7, 'Liam Turner', 'liamturner', 'liam_turner@example.com', '+1432109876', 'hashed_password_18', '1995-04-08', '2024-01-22 07:38:48', 3002),
(8, 'Ella Adams', 'ellaadams', 'ella_adams@example.com', '+1209876543', 'hashed_password_19', '1987-10-12', '2024-01-22 07:38:48', 3001),
(9, 'Noah Mitchell', 'noahmitchell', 'noah_mitchell@example.com', '+1987654321', 'hashed_password_20', '1992-01-30', '2024-01-22 07:38:48', 3002),
(10, 'Mia Turner', 'miaturner', 'mia_turner@example.com', '+1765432109', 'hashed_password_21', '1984-06-18', '2024-01-22 07:38:48', 3001),
(11, 'Ethan Carter', 'ethancarter', 'ethan_carter@example.com', '+1543210987', 'hashed_password_22', '1999-11-04', '2024-01-22 07:38:48', 3002),
(12, 'Aria Evans', 'ariaevans', 'aria_evans@example.com', '+1321098765', 'hashed_password_23', '1986-03-26', '2024-01-22 07:38:48', 3001),
(13, 'Carter Hall', 'carterhall', 'carter_hall@example.com', '+1098765432', 'hashed_password_24', '1994-08-13', '2024-01-22 07:38:48', 3002),
(14, 'Luna Martinez', 'lunamartinez', 'luna_martinez@example.com', '+1876543210', 'hashed_password_25', '1990-12-01', '2024-01-22 07:38:48', 3001),
(15, 'Mason Scott', 'masonscott', 'mason_scott@example.com', '+1654321098', 'hashed_password_26', '1997-02-28', '2024-01-22 07:38:48', 3002),
(16, 'Mia Davis', 'miadavis', 'mia_davis@example.com', '+1901234567', 'hashed_password_32', '1998-06-18', '2024-01-22 07:44:15', 3002),
(17, 'Noah Smith', 'noahsmith', 'noah_smith@example.com', '+2012345678', 'hashed_password_33', '1994-01-23', '2024-01-22 07:45:00', 3001),
(18, 'Olivia Turner', 'oliviaturner', 'olivia_turner@example.com', '+2123456789', 'hashed_password_34', '1987-08-14', '2024-01-22 07:45:45', 3002),
(19, 'John Doe', 'johndoe27', 'john_doe27@example.com', '+1234557880', 'hashed_password_here', '1990-01-15', '2024-01-22 07:39:18', 3001),
(20, 'Sophia King', 'sophiaking', 'sophia_king@example.com', '+1456789012', 'hashed_password_27', '1993-09-22', '2024-01-22 07:40:30', 3001),
(21, 'Henry Wilson', 'henrywilson', 'henry_wilson@example.com', '+1567890123', 'hashed_password_28', '1989-07-14', '2024-01-22 07:41:15', 3002),
(22, 'Ava Brown', 'avabrown', 'ava_brown@example.com', '+1678901234', 'hashed_password_29', '1996-12-07', '2024-01-22 07:42:00', 3001),
(23, 'John Doe', 'john45727', 'john45727@example.com', '+12347880', 'hashed_password_here', '1990-01-15', '2024-01-22 07:39:58', 3001),
(24, 'Liam Turner', 'liamturnerr', 'liam@example.com', '+1132109876', 'hashed_password_18', '1995-04-08', '2024-01-22 07:39:58', 3002),
(25, 'Elijah Hall', 'elijahhall', 'elijah_hall@example.com', '+2234567890', 'hashed_password_35', '1992-05-07', '2024-01-22 07:46:30', 3001),
(26, 'Lily Scott', 'lilyscott', 'lily_scott@example.com', '+2345678901', 'hashed_password_36', '1983-01-24', '2024-01-22 07:47:15', 3002),
(27, 'Aiden Martinez', 'aidenmartinez', 'aiden_martinez@example.com', '+2456789012', 'hashed_password_37', '1996-10-19', '2024-01-22 07:48:00', 3001),
(28, 'Zoey Turner', 'zoeyturner', 'zoey_turner@example.com', '+2567890123', 'hashed_password_38', '1985-07-26', '2024-01-22 07:48:45', 3002),
(29, 'Jackson Reed', 'jacksonreed', 'jackson_reed@example.com', '+2678901234', 'hashed_password_39', '1999-02-28', '2024-01-22 07:49:30', 3001),
(30, 'Sofia Johnson', 'sofiajohnson', 'sofia_johnson@example.com', '+2789012345', 'hashed_password_40', '1990-08-15', '2024-01-22 07:50:15', 3002),
(31, 'Evelyn Adams', 'evelynadams', 'evelyn_adams@example.com', '+12345678902', 'hashed_password_41', '1995-05-12', '2024-01-22 08:30:00', 3001),
(32, 'Matthew Turner', 'matthewturner', 'matthew_turner@example.com', '+23456789013', 'hashed_password_42', '1988-12-25', '2024-01-22 08:45:00', 3002),
(33, 'Chloe Wilson', 'chloewilson', 'chloe_wilson@example.com', '+34567890124', 'hashed_password_43', '1997-07-08', '2024-01-22 09:00:00', 3001),
(34, 'Daniel Reed', 'danielreed', 'daniel_reed@example.com', '+45678901235', 'hashed_password_44', '1982-02-01', '2024-01-22 09:15:00', 3002),
(35, 'Grace Carter', 'gracecarter', 'grace_carter@example.com', '+56789012346', 'hashed_password_45', '1993-09-16', '2024-01-22 09:30:00', 3001),
(36, 'Michael Hall', 'michaelhall', 'michael_hall@example.com', '+67890123457', 'hashed_password_46', '1986-04-29', '2024-01-22 09:45:00', 3002),
(37, 'Lily Martinez', 'lilymartinez', 'lily_martinez@example.com', '+78901234568', 'hashed_password_47', '1991-11-12', '2024-01-22 10:00:00', 3001),
(38, 'Jack Scott', 'jackscott', 'jack_scott@example.com', '+89012345679', 'hashed_password_48', '1984-06-25', '2024-01-22 10:15:00', 3002),
(39, 'Sophia Turner', 'sophiaturner', 'sophia_turner@example.com', '+90123456780', 'hashed_password_49', '1998-01-30', '2024-01-22 10:30:00', 3001),
(40, 'William Johnson', 'williamjohnson', 'william_johnson@example.com', '+12345678903', 'hashed_password_50', '1989-08-13', '2024-01-22 10:45:00', 3002),
(41, 'Emily Davis', 'emilydavis', 'emily_davis@example.com', '+23456789014', 'hashed_password_51', '1995-03-26', '2024-01-22 11:00:00', 3001),
(42, 'Oliver Smith', 'oliversmith', 'oliver_smith@example.com', '+34567890125', 'hashed_password_52', '1980-10-09', '2024-01-22 11:15:00', 3002),
(43, 'Ava Adams', 'avaadams', 'ava_adams@example.com', '+45678901236', 'hashed_password_53', '1992-05-02', '2024-01-22 11:30:00', 3001),
(44, 'James Mitchell', 'jamesmitchell', 'james_mitchell@example.com', '+56789012347', 'hashed_password_54', '1983-12-15', '2024-01-22 11:45:00', 3002),
(45, 'Emma Brown', 'emmabrown', 'emma_brown@example.com', '+67890123458', 'hashed_password_55', '1997-07-28', '2024-01-22 12:00:00', 3001),
(46, 'Daniel Turner', 'danielturner', 'daniel_turner@example.com', '+78901234569', 'hashed_password_56', '1984-02-10', '2024-01-22 12:15:00', 3002),
(47, 'Olivia Hall', 'oliviahall', 'olivia_hall@example.com', '+89012345670', 'hashed_password_57', '1990-09-23', '2024-01-22 12:30:00', 3001),
(48, 'Ethan Martinez', 'ethanmartinez', 'ethan_martinez@example.com', '+90123456781', 'hashed_password_58', '1994-04-07', '2024-01-22 12:45:00', 3002),
(49, 'Isabella Scott', 'isabellascott', 'isabella_scott@example.com', '+12345678904', 'hashed_password_59', '1988-01-20', '2024-01-22 13:00:00', 3001),
(50, 'Benjamin Johnson', 'benjaminjohnson', 'benjamin_johnson@example.com', '+23456789015', 'hashed_password_60', '1996-06-03', '2024-01-22 13:15:00', 3002),
(51, 'Aria Turner', 'ariaturner', 'aria_turner@example.com', '+34567890126', 'hashed_password_61', '1982-11-16', '2024-01-22 13:30:00', 3001),
(52, 'Mason Davis', 'masondavis', 'mason_davis@example.com', '+45678901237', 'hashed_password_62', '1995-04-05', '2024-01-22 13:45:00', 3002),
(53, 'Liam Wilson', 'liamwilson', 'liam_wilson@example.com', '+56789012348', 'hashed_password_63', '1993-08-18', '2024-01-22 14:00:00', 3001),
(54, 'Ava Turner', 'avaturner', 'ava_turner@example.com', '0912234344', 'hashed_password_64', '1986-01-30', '2024-01-22 14:15:00', 3003),
(57, 'Jane', 'jane', 'JaneExample@gmail.com', '0912234345', 'hashed_pass', '2000-04-07', '2024-02-03 09:37:40', NULL),
(58, 'Jake', 'jake01', 'jake01@example.com', '09123456789', '$2y$10$abcdefghijklmnopqrstuvwx.yz012345678', '1990-01-01', '2024-02-04 23:32:06', 3001),
(59, 'Emma', 'emma02', 'emma02@example.com', '09123456788', '$2y$10$abcdefghijklmnopqrstuvwx.yz012345679', '1990-02-02', '2024-02-04 23:32:06', 3002),
(60, 'Noah', 'noah03', 'noah03@example.com', '09123456787', '$2y$10$abcdefghijklmnopqrstuvwx.yz012345670', '1990-03-03', '2024-02-04 23:32:06', 3003),
(61, 'Olivia', 'olivia04', 'olivia04@example.com', '09123456786', '$2y$10$abcdefghijklmnopqrstuvwx.yz012345671', '1990-04-04', '2024-02-04 23:32:06', 3001),
(62, 'Liam', 'liam05', 'liam05@example.com', '09123456785', '$2y$10$abcdefghijklmnopqrstuvwx.yz012345672', '1990-05-05', '2024-02-04 23:32:06', 3002),
(63, 'Sophia', 'sophia06', 'sophia06@example.com', '09123456684', '$2y$10$abcdefghijklmnopqrstuvwx.yz012345673', '1990-06-06', '2024-02-04 23:32:06', 3003),
(64, 'Jackson', 'jackson07', 'jackson07@example.com', '09123456683', '$2y$10$abcdefghijklmnopqrstuvwx.yz012345674', '1990-07-07', '2024-02-04 23:32:06', 3001),
(65, 'Ava', 'ava08', 'ava08@example.com', '09123456682', '$2y$10$abcdefghijklmnopqrstuvwx.yz012345675', '1990-08-08', '2024-02-04 23:32:06', 3002),
(66, 'Ethan', 'ethan100', 'ethan100@example.com', '09123456589', '$2y$10$abcdefghijklmnopqrstuvwx.yz012345678', '1990-12-10', '2024-02-04 23:32:06', 3003),
(67, 'Sophie', 'sophie09', 'sophie09@example.com', '09123456588', '$2y$10$abcdefghijklmnopqrstuvwx.yz012345679', '1990-09-09', '2024-02-04 23:32:06', 3001),
(68, 'Mason', 'mason10', 'mason10@example.com', '09123456587', '$2y$10$abcdefghijklmnopqrstuvwx.yz012345670', '1990-10-10', '2024-02-04 23:32:06', 3002),
(69, 'Isabella', 'isabella11', 'isabella11@example.com', '09123456586', '$2y$10$abcdefghijklmnopqrstuvwx.yz012345671', '1990-11-11', '2024-02-04 23:32:06', 3003),
(70, 'Aiden', 'aiden12', 'aiden12@example.com', '09123456585', '$2y$10$abcdefghijklmnopqrstuvwx.yz012345672', '1990-12-12', '2024-02-04 23:32:06', 3001),
(71, 'Aria', 'aria13', 'aria13@example.com', '09123456484', '$2y$10$abcdefghijklmnopqrstuvwx.yz012345673', '1991-01-13', '2024-02-04 23:32:06', 3002),
(72, 'Caden', 'caden14', 'caden14@example.com', '09123456483', '$2y$10$abcdefghijklmnopqrstuvwx.yz012345674', '1991-02-14', '2024-02-04 23:32:06', 3003),
(73, 'Zoe', 'zoe15', 'zoe15@example.com', '09123456482', '$2y$10$abcdefghijklmnopqrstuvwx.yz012345675', '1991-03-15', '2024-02-04 23:32:06', 3001),
(74, 'Grayson', 'grayson16', 'grayson16@example.com', '09123456481', '$2y$10$abcdefghijklmnopqrstuvwx.yz012345676', '1991-04-16', '2024-02-04 23:32:06', 3002),
(75, 'Lily', 'lily17', 'lily17@example.com', '09123456480', '$2y$10$abcdefghijklmnopqrstuvwx.yz012345677', '1991-05-17', '2024-02-04 23:32:06', 3003),
(76, 'Mia', 'mia18', 'mia18@example.com', '09123456389', '$2y$10$abcdefghijklmnopqrstuvwx.yz012345678', '1991-06-18', '2024-02-04 23:32:06', 3001),
(77, 'Lucas', 'lucas100', 'lucas100@example.com', '09123456388', '$2y$10$abcdefghijklmnopqrstuvwx.yz012345679', '1991-12-20', '2024-02-04 23:32:06', 3002),
(78, 'Harper', 'harper101', 'harper101@example.com', '09123456387', '$2y$10$abcdefghijklmnopqrstuvwx.yz012345670', '1991-12-21', '2024-02-04 23:32:06', 3003),
(79, 'Logan', 'logan102', 'logan102@example.com', '09123456386', '$2y$10$abcdefghijklmnopqrstuvwx.yz012345671', '1991-12-22', '2024-02-04 23:32:06', 3001),
(80, 'Evelyn', 'evelyn200', 'evelyn200@example.com', '09123456289', '$2y$10$abcdefghijklmnopqrstuvwx.yz012345678', '1991-12-30', '2024-02-04 23:32:06', 3003),
(81, 'Olivia', 'olivia19', 'olivia19@example.com', '090912345678', '$2y$10$abcdefghijklmnopqrstuvwx.yz012345679', '1991-12-31', '2024-02-04 23:32:06', 3001),
(82, 'Noah', 'noah20', 'noah20@example.com', '090912345677', '$2y$10$abcdefghijklmnopqrstuvwx.yz012345670', '1992-01-01', '2024-02-04 23:32:06', 3002),
(83, 'Emma', 'emma21', 'emma21@example.com', '090912345676', '$2y$10$abcdefghijklmnopqrstuvwx.yz012345671', '1992-02-02', '2024-02-04 23:32:06', 3003),
(84, 'Liam', 'liam22', 'liam22@example.com', '090912345675', '$2y$10$abcdefghijklmnopqrstuvwx.yz012345672', '1992-03-03', '2024-02-04 23:32:06', 3001),
(85, 'Oliver', 'oliver23', 'oliver23@example.com', '090912345674', '$2y$10$abcdefghijklmnopqrstuvwx.yz012345673', '1992-04-04', '2024-02-04 23:32:06', 3002),
(86, 'Ava', 'ava24', 'ava24@example.com', '090912345773', '$2y$10$abcdefghijklmnopqrstuvwx.yz012345674', '1992-05-05', '2024-02-04 23:32:06', 3003),
(87, 'Ethan', 'ethan25', 'ethan25@example.com', '090912345999', '$2y$10$abcdefghijklmnopqrstuvwx.yz012345775', '1992-06-06', '2024-02-04 23:32:06', 3001),
(88, 'Harper', 'harper26', 'harper26@example.com', '090912345899', '$2y$10$abcdefghijklmnopqrstuvwx.yz012345776', '1992-07-07', '2024-02-04 23:32:06', 3002),
(89, 'Amelia', 'amelia27', 'amelia27@example.com', '090912345670', '$2y$10$abcdefghijklmnopqrstuvwx.yz012345777', '1992-08-08', '2024-02-04 23:32:06', 3003),
(90, 'Elijah', 'elijah28', 'elijah28@example.com', '091512345678', '$2y$10$abcdefghijklmnopqrstuvwx.yz012345778', '1992-09-09', '2024-02-04 23:32:06', 3001),
(91, 'Charlotte', 'charlotte29', 'charlotte29@example.com', '091512345677', '$2y$10$abcdefghijklmnopqrstuvwx.yz012345779', '1992-10-10', '2024-02-04 23:32:06', 3002),
(92, 'Mason', 'mason200', 'mason200@example.com', '091512347876', '$2y$10$abcdefghijklmnopqrstuvwx.yz012347870', '1992-12-30', '2024-02-04 23:32:06', 3003),
(93, 'Aria', 'aria201', 'aria201@example.com', '091512345675', '$2y$10$abcdefghijklmnopqrstuvwx.yz012345671', '1992-12-31', '2024-02-04 23:32:06', 3001),
(94, 'Jackson', 'jackson202', 'jackson202@example.com', '091512345674', '$2y$10$abcdefghijklmnopqrstuvwx.yz012345672', '1993-01-01', '2024-02-04 23:32:06', 3002),
(95, 'Ella', 'ella300', 'ella300@example.com', '091512345673', '$2y$10$abcdefghijklmnopqrstuvwx.yz012345673', '1993-12-31', '2024-02-04 23:32:06', 3003),
(96, 'Liam', 'liam301', 'liam301@example.com', '090912345780', '$2y$10$abcdefghijklmnopqrstuvwx.yz012345571', '1992-01-01', '2024-02-04 23:32:06', 3001),
(97, 'Olivia', 'olivia302', 'olivia302@example.com', '090912345571', '$2y$10$abcdefghijklmnopqrstuvwx.yz012345572', '1992-02-02', '2024-02-04 23:32:06', 3002),
(98, 'Noah', 'noah303', 'noah303@example.com', '090912345572', '$2y$10$abcdefghijklmnopqrstuvwx.yz012345573', '1992-03-03', '2024-02-04 23:32:06', 3003),
(99, 'Emma', 'emma304', 'emma304@example.com', '090912345573', '$2y$10$abcdefghijklmnopqrstuvwx.yz012345674', '1992-04-04', '2024-02-04 23:32:06', 3001),
(100, 'Oliver', 'oliver305', 'oliver305@example.com', '090912344674', '$2y$10$abcdefghijklmnopqrstuvwx.yz012345675', '1992-05-05', '2024-02-04 23:32:06', 3002),
(101, 'Ava', 'ava306', 'ava306@example.com', '090912445675', '$2y$10$abcdefghijklmnopqrstuvwx.yz012344676', '1992-06-06', '2024-02-04 23:32:06', 3003),
(102, 'Ethan', 'ethan307', 'ethan307@example.com', '090902345676', '$2y$10$abcdefghijklmnopqrstuvwx.yz012344677', '1992-07-07', '2024-02-04 23:32:06', 3001),
(103, 'Harper', 'harper308', 'harper308@example.com', '090902345677', '$2y$10$abcdefghijklmnopqrstuvwx.yz012344678', '1992-08-08', '2024-02-04 23:32:06', 3002),
(104, 'Amelia', 'amelia309', 'amelia309@example.com', '090902345678', '$2y$10$abcdefghijklmnopqrstuvwx.yz012344679', '1992-09-09', '2024-02-04 23:32:06', 3003),
(105, 'Elijah', 'elijah310', 'elijah310@example.com', '091512344610', '$2y$10$abcdefghijklmnopqrstuvwx.yz012345670', '1992-10-10', '2024-02-04 23:32:06', 3001),
(106, 'Charlotte', 'charlotte311', 'charlotte311@example.com', '091512345611', '$2y$10$abcdefghijklmnopqrstuvwx.yz012345671', '1992-11-11', '2024-02-04 23:32:06', 3002),
(107, 'Mason', 'mason312', 'mason312@example.com', '091513345612', '$2y$10$abcdefghijklmnopqrstuvwx.yz012345672', '1992-12-12', '2024-02-04 23:32:06', 3003),
(108, 'Aria', 'aria313', 'aria313@example.com', '091513345613', '$2y$10$abcdefghijklmnopqrstuvwx.yz012345673', '1992-12-13', '2024-02-04 23:32:06', 3001),
(109, 'Jackson', 'jackson314', 'jackson314@example.com', '091513345614', '$2y$10$abcdefghijklmnopqrstuvwx.yz012345674', '1992-12-14', '2024-02-04 23:32:06', 3002),
(110, 'Ella', 'ella315', 'ella315@example.com', '091513345615', '$2y$10$abcdefghijklmnopqrstuvwx.yz012345675', '1992-12-15', '2024-02-04 23:32:06', 3003),
(111, 'Sophia', 'sophia400', 'sophia400@example.com', '091513345616', '$2y$10$abcdefghijklmnopqrstuvwx.yz012345676', '1992-12-16', '2024-02-04 23:32:06', 3001),
(112, 'Logan', 'logan401', 'logan401@example.com', '091513345617', '$2y$10$abcdefghijklmnopqrstuvwx.yz012345677', '1992-12-17', '2024-02-04 23:32:06', 3002),
(113, 'Aiden', 'aiden402', 'aiden402@example.com', '091513345618', '$2y$10$abcdefghijklmnopqrstuvwx.yz012345678', '1992-12-18', '2024-02-04 23:32:06', 3003),
(114, 'Mia', 'mia403', 'mia403@example.com', '091513345619', '$2y$10$abcdefghijklmnopqrstuvwx.yz012345679', '1992-12-19', '2024-02-04 23:32:06', 3001),
(115, 'Lucas', 'lucas404', 'lucas404@example.com', '091513345620', '$2y$10$abcdefghijklmnopqrstuvwx.yz012345670', '1992-12-20', '2024-02-04 23:32:06', 3002),
(116, 'Isabella', 'isabella405', 'isabella405@example.com', '091513345621', '$2y$10$abcdefghijklmnopqrstuvwx.yz012345671', '1992-12-21', '2024-02-04 23:32:06', 3003),
(117, 'Evelyn', 'evelyn406', 'evelyn406@example.com', '091513345622', '$2y$10$abcdefghijklmnopqrstuvwx.yz012345672', '1992-12-22', '2024-02-04 23:32:06', 3001),
(118, 'Jack', 'jack407', 'jack407@example.com', '091512345623', '$2y$10$abcdefghijklmnopqrstuvwx.yz012345673', '1992-12-23', '2024-02-04 23:32:06', 3002),
(119, 'Avery', 'avery408', 'avery408@example.com', '091512345624', '$2y$10$abcdefghijklmnopqrstuvwx.yz012345674', '1992-12-24', '2024-02-04 23:32:06', 3003),
(120, 'Sebastian', 'sebastian409', 'sebastian409@example.com', '091512345625', '$2y$10$abcdefghijklmnopqrstuvwx.yz012345675', '1992-12-25', '2024-02-04 23:32:06', 3001),
(121, 'Aubrey', 'aubrey410', 'aubrey410@example.com', '091512345626', '$2y$10$abcdefghijklmnopqrstuvwx.yz012345676', '1992-12-26', '2024-02-04 23:32:06', 3002),
(122, 'Camila', 'camila411', 'camila411@example.com', '091512345627', '$2y$10$abcdefghijklmnopqrstuvwx.yz012345677', '1992-12-27', '2024-02-04 23:32:06', 3003),
(123, 'Grayson', 'grayson412', 'grayson412@example.com', '091512345628', '$2y$10$abcdefghijklmnopqrstuvwx.yz012345678', '1992-12-28', '2024-02-04 23:32:06', 3001),
(124, 'Scarlett', 'scarlett413', 'scarlett413@example.com', '091512345629', '$2y$10$abcdefghijklmnopqrstuvwx.yz012345679', '1992-12-29', '2024-02-04 23:32:06', 3002),
(125, 'Carter', 'carter414', 'carter414@example.com', '091512345630', '$2y$10$abcdefghijklmnopqrstuvwx.yz012345670', '1992-12-30', '2024-02-04 23:32:06', 3003),
(126, 'Madison', 'madison415', 'madison415@example.com', '091512345631', '$2y$10$abcdefghijklmnopqrstuvwx.yz012345671', '1992-12-31', '2024-02-04 23:32:06', 3001),
(127, 'Ethan', 'ethan416', 'ethan416@example.com', '091512345632', '$2y$10$abcdefghijklmnopqrstuvwx.yz012345672', '1993-01-01', '2024-02-04 23:32:06', 3002),
(128, 'Lily', 'lily417', 'lily417@example.com', '091512345633', '$2y$10$abcdefghijklmnopqrstuvwx.yz012345673', '1993-01-02', '2024-02-04 23:32:06', 3003),
(129, 'Chloe', 'chloe500', 'chloe500@example.com', '091512345634', '$2y$10$abcdefghijklmnopqrstuvwx.yz012345674', '1993-01-03', '2024-02-04 23:32:06', 3001),
(130, 'Daniel', 'daniel501', 'daniel501@example.com', '091512345635', '$2y$10$abcdefghijklmnopqrstuvwx.yz012345675', '1993-01-04', '2024-02-04 23:32:06', 3002),
(131, 'Hazel', 'hazel502', 'hazel502@example.com', '091512345636', '$2y$10$abcdefghijklmnopqrstuvwx.yz012345676', '1993-01-05', '2024-02-04 23:32:06', 3003),
(132, 'Liam', 'liam501', 'liam501@example.com', '091512345701', '$2y$10$abcdefghijklmnopqrstuvwx.yz012345678', '1993-01-06', '2024-02-04 23:32:06', 3001),
(133, 'Emma', 'emma502', 'emma502@example.com', '091512345702', '$2y$10$abcdefghijklmnopqrstuvwx.yz012345679', '1993-01-07', '2024-02-04 23:32:06', 3002),
(134, 'Oliver', 'oliver503', 'oliver503@example.com', '091512345703', '$2y$10$abcdefghijklmnopqrstuvwx.yz012345670', '1993-01-08', '2024-02-04 23:32:06', 3003),
(135, 'Ava', 'ava504', 'ava504@example.com', '091512345704', '$2y$10$abcdefghijklmnopqrstuvwx.yz012345671', '1993-01-09', '2024-02-04 23:32:06', 3001),
(136, 'Noah', 'noah505', 'noah505@example.com', '091512345705', '$2y$10$abcdefghijklmnopqrstuvwx.yz012345672', '1993-01-10', '2024-02-04 23:32:06', 3002),
(137, 'Sophia', 'sophia506', 'sophia506@example.com', '091512345706', '$2y$10$abcdefghijklmnopqrstuvwx.yz012345673', '1993-01-11', '2024-02-04 23:32:06', 3003),
(138, 'Jackson', 'jackson507', 'jackson507@example.com', '091512345707', '$2y$10$abcdefghijklmnopqrstuvwx.yz012345674', '1993-01-12', '2024-02-04 23:32:06', 3001),
(139, 'Aria', 'aria508', 'aria508@example.com', '091512345708', '$2y$10$abcdefghijklmnopqrstuvwx.yz012345675', '1993-01-13', '2024-02-04 23:32:06', 3002),
(140, 'Lucas', 'lucas509', 'lucas509@example.com', '091512345709', '$2y$10$abcdefghijklmnopqrstuvwx.yz012345676', '1993-01-14', '2024-02-04 23:32:06', 3003),
(141, 'Amelia', 'amelia510', 'amelia510@example.com', '091512345710', '$2y$10$abcdefghijklmnopqrstuvwx.yz012345677', '1993-01-15', '2024-02-04 23:32:06', 3001),
(142, 'Elijah', 'elijah511', 'elijah511@example.com', '091512345711', '$2y$10$abcdefghijklmnopqrstuvwx.yz012345678', '1993-01-16', '2024-02-04 23:32:06', 3002),
(143, 'Aiden', 'aiden512', 'aiden512@example.com', '091512345712', '$2y$10$abcdefghijklmnopqrstuvwx.yz012345679', '1993-01-17', '2024-02-04 23:32:06', 3003),
(144, 'Scarlett', 'scarlett513', 'scarlett513@example.com', '091512345713', '$2y$10$abcdefghijklmnopqrstuvwx.yz012345670', '1993-01-18', '2024-02-04 23:32:06', 3001),
(145, 'Mason', 'mason514', 'mason514@example.com', '091512345714', '$2y$10$abcdefghijklmnopqrstuvwx.yz012345671', '1993-01-19', '2024-02-04 23:32:06', 3002),
(146, 'Lily', 'lily515', 'lily515@example.com', '091512345715', '$2y$10$abcdefghijklmnopqrstuvwx.yz012345672', '1993-01-20', '2024-02-04 23:32:06', 3003),
(147, 'Ethan', 'ethan516', 'ethan516@example.com', '091512345716', '$2y$10$abcdefghijklmnopqrstuvwx.yz012345673', '1993-01-21', '2024-02-04 23:32:06', 3001),
(148, 'Harper', 'harper517', 'harper517@example.com', '091512345717', '$2y$10$abcdefghijklmnopqrstuvwx.yz012345674', '1993-01-22', '2024-02-04 23:32:06', 3002),
(149, 'Avery', 'avery518', 'avery518@example.com', '091512345718', '$2y$10$abcdefghijklmnopqrstuvwx.yz012345675', '1993-01-23', '2024-02-04 23:32:06', 3003),
(150, 'Evelyn', 'evelyn600', 'evelyn600@example.com', '091512345719', '$2y$10$abcdefghijklmnopqrstuvwx.yz012345676', '1993-01-24', '2024-02-04 23:32:06', 3001),
(151, 'Logan', 'logan601', 'logan601@example.com', '091512345720', '$2y$10$abcdefghijklmnopqrstuvwx.yz012345677', '1993-01-25', '2024-02-04 23:32:06', 3002),
(152, 'Zoey', 'zoey602', 'zoey602@example.com', '091512345721', '$2y$10$abcdefghijklmnopqrstuvwx.yz012345678', '1993-01-26', '2024-02-04 23:32:06', 3003),
(157, NULL, 'amelia277', 'john_doe@example.comm', '0909988778', '$2a$10$rqj1sWIBmm7stDLxhnNd3OReblbtfWCoRzVDhm4vU13jQm/LO0Fbm', '2024-04-02', '2024-04-07 01:24:52', NULL),
(159, NULL, 'test', 'test@example.com', '0909988777', '$2a$10$Gh892hdskj7t2pWN2UobWugOaAG5KPfkvbNu8xBrvcc6WjPrE7s2a', '2024-04-02', '2024-04-07 02:33:47', NULL),
(160, NULL, 'test1', 'test1@example.com', '0909988777', '$2a$10$uTa5fbyC8zTZvrluA9Mb2e/IoksoKRhivr.zVXhCBPC6PX4smvJYy', '2024-04-02', '2024-04-07 02:37:49', NULL),
(161, 'test2', 'test2', 'test@gmail.com', '0909988779', '$2a$10$VLErP6M6wPOBistUCP5xxu2WJTreEYGFY1f1fvvdH6gQWLPfGKIFi', '2024-04-02', '2024-04-08 04:42:43', NULL),
(162, NULL, 'test3', 'test1@gmail.com', '0909988779', '$2a$10$7HqLhDX.IWrH5ltfrencQOXtF7AmW1BtzVeWkaI1dbkaayvWmYnTG', '2024-04-03', '2024-04-08 18:54:51', NULL),
(163, NULL, 'test4', 'test2@gmail.com', '0909988779', '$2a$10$GOrfltAguGrf1Frwa9W1/uCtREV5AWfxy1U9z9TzAshVMnJtVrB5i', '2024-04-08', '2024-04-08 19:08:48', NULL),
(167, NULL, 'Justnandia', 'nndn.m98@gmail.com', NULL, NULL, NULL, '2024-04-11 03:04:50', NULL),
(168, NULL, 'Nandin erdene Mandakh', 'nmandakh60@gmail.com', NULL, NULL, NULL, '2024-04-11 17:48:45', NULL);

-- --------------------------------------------------------

--
-- 資料表結構 `mb_user_profile`
--

CREATE TABLE `mb_user_profile` (
  `profile_id` int(11) NOT NULL,
  `user_id` int(11) NOT NULL,
  `profile_pic_url` varchar(255) DEFAULT NULL,
  `cover_pic_url` varchar(255) DEFAULT NULL,
  `about_me` text DEFAULT NULL,
  `allow_contact_info_visibility` tinyint(1) DEFAULT NULL,
  `youtube_link` varchar(255) DEFAULT NULL,
  `facebook_link` varchar(255) DEFAULT NULL,
  `instagram_link` varchar(255) DEFAULT NULL,
  `gmail_link` varchar(255) DEFAULT NULL
) ENGINE=InnoDB DEFAULT CHARSET=utf8mb4 COLLATE=utf8mb4_general_ci;

--
-- 傾印資料表的資料 `mb_user_profile`
--

INSERT INTO `mb_user_profile` (`profile_id`, `user_id`, `profile_pic_url`, `cover_pic_url`, `about_me`, `allow_contact_info_visibility`, `youtube_link`, `facebook_link`, `instagram_link`, `gmail_link`) VALUES
(5, 167, 'https://lh3.googleusercontent.com/a/ACg8ocLStb6qHeBGF_Ek0yKXeRxcZiAs9Y-UxhzsSB_fjmQQ_8XUk4g-=s96-c', NULL, NULL, NULL, NULL, NULL, NULL, NULL),
(6, 168, 'https://lh3.googleusercontent.com/a/ACg8ocI4VUmpEMt9lXmuUU6IGPtHQ6DfAX7DthWshGUN4Hi7vVqq7A=s96-c', NULL, NULL, NULL, NULL, NULL, NULL, NULL);

-- --------------------------------------------------------

--
-- 資料表結構 `notification`
--

CREATE TABLE `notification` (
  `notification_id` int(11) NOT NULL,
  `user_id` int(11) DEFAULT NULL,
  `notification_type` varchar(255) DEFAULT NULL,
  `notification_info` text DEFAULT NULL,
  `notification_time` timestamp NOT NULL DEFAULT current_timestamp()
) ENGINE=InnoDB DEFAULT CHARSET=utf8mb4 COLLATE=utf8mb4_general_ci;

-- --------------------------------------------------------

--
-- 資料表結構 `sn_comments`
--

CREATE TABLE `sn_comments` (
  `comment_id` int(11) NOT NULL,
  `user_id` int(11) DEFAULT NULL,
  `post_id` int(11) DEFAULT NULL,
  `content` text DEFAULT NULL,
  `comment_timestamp` timestamp NOT NULL DEFAULT current_timestamp() ON UPDATE current_timestamp()
) ENGINE=InnoDB DEFAULT CHARSET=utf8mb4 COLLATE=utf8mb4_general_ci;

--
-- 傾印資料表的資料 `sn_comments`
--

INSERT INTO `sn_comments` (`comment_id`, `user_id`, `post_id`, `content`, `comment_timestamp`) VALUES
(1, 101, 11, '城堡廢墟好有神秘感，你是怎麼發現的呢？', '2024-02-07 10:00:00'),
(2, 102, 12, '山中寺廟的景色一定很宏偉，分享一下你的探險心得吧！', '2024-02-08 13:00:00'),
(3, 103, 13, '古墓墳場的氛圍應該很特別，感受到歷史的重量了嗎？', '2024-02-09 16:00:00'),
(4, 104, 14, '沙漠考古是個挑戰，有發現什麼特別的古代器物嗎？', '2024-02-10 18:00:00'),
(5, 105, 15, '現代藝術展對你有什麼啟發呢？', '2024-02-11 11:00:00'),
(6, 106, 16, '喜歡你的油畫，有其他作品嗎？', '2024-02-12 13:00:00'),
(7, 107, 17, '奇幻小說世界中有哪個故事讓你印象深刻？', '2024-02-13 15:00:00'),
(8, 108, 18, '寫奇幻小說需要什麼靈感？', '2024-02-14 18:00:00'),
(9, 109, 19, '城市夜景的濾鏡效果真的很美，分享一下拍攝技巧吧！', '2024-02-15 10:00:00'),
(10, 110, 20, '日出景點在哪裡？一定很壯觀吧！', '2024-02-16 12:00:00'),
(11, 201, 21, '特色餐廳的招牌料理看起來好美味，推薦我們也去嚐嚐吧！', '2024-02-17 15:00:00'),
(12, 202, 22, '家裡做的外地美食一定很特別，有沒有特別的秘訣可以分享？', '2024-02-18 18:00:00'),
(13, 203, 23, '未來科技展中有什麼產品讓你印象深刻？', '2024-02-19 11:00:00'),
(14, 204, 24, '組裝最新的電腦是個不小的挑戰，有什麼心得可以分享？', '2024-02-20 13:00:00'),
(15, 205, 25, '山區的花海一定很美，有沒有拍攝到其他特別的花卉？', '2024-02-21 16:00:00'),
(16, 206, 26, '透過望遠鏡觀察星空是很浪漫的事情，有什麼星體吸引到你？', '2024-02-22 18:00:00'),
(17, 207, 27, '搖滾音樂祭上的表演一定很精彩，你最喜歡哪一隊樂隊？', '2024-02-23 10:00:00'),
(18, 208, 28, '自己創作的音樂有特別的風格嗎？', '2024-02-24 13:00:00'),
(19, 209, 29, '城市的高樓大廈間還有其他被遺忘的建築嗎？', '2024-02-25 16:00:00'),
(20, 210, 30, '考古尋寶活動中發現的古代寶藏一定很精彩，有什麼收穫？', '2024-02-26 18:00:00'),
(21, 301, 31, '當代藝術展的畫作讓我對當代藝術有了更深的理解，你有喜歡的作品嗎？', '2024-02-27 10:00:00'),
(22, 302, 32, '奇幻冒險小說中是否有讓你印象深刻的情節？', '2024-02-28 13:00:00'),
(23, 303, 33, '拍攝夜空星軌的技巧是什麼？有沒有特別的攝影設備？', '2024-02-29 16:00:00'),
(24, 304, 34, '城市各地的美食真的是無窮盡，有沒有特別推薦的小店？', '2024-03-01 18:00:00'),
(25, 305, 35, '虛擬實境技術的展示是否讓你感受到科技的未來發展方向？', '2024-03-02 11:00:00'),
(26, 306, 36, '湖邊觀察到翠鳥的瞬間一定很美，有沒有其他動物也出現呢？', '2024-03-03 14:00:00'),
(27, 307, 37, '在音樂節上和朋友high翻天，有沒有特別難忘的瞬間？', '2024-03-04 17:00:00'),
(33, 403, 14, '沙漠考古的過程中有沒有遇到挑戰？', '2024-02-10 17:45:00'),
(34, 404, 25, '花卉山坡的景色一定美不勝收，我也喜歡拍攝大自然的美。', '2024-02-21 15:30:00'),
(35, 405, 36, '湖邊觀察到翠鳥的瞬間一定很難得，有沒有其他有趣的觀察？', '2024-03-03 15:15:00'),
(36, 406, 31, '當代藝術展中哪一件作品讓你留下深刻印象？', '2024-02-27 10:45:00'),
(37, 407, 19, '城市夜景的濾鏡拍攝技巧有什麼秘訣？', '2024-02-15 09:25:00'),
(38, 408, 33, '拍攝夜空星軌的困難點在哪裡？', '2024-02-29 14:50:00'),
(40, 410, 21, '特色餐廳的招牌料理看起來很美味，想嚐嚐看！', '2024-02-17 15:20:00'),
(55, NULL, 15, '女友美~~~~', '2024-02-24 06:15:10'),
(56, NULL, 18, '', '2024-03-13 23:33:49');

-- --------------------------------------------------------

--
-- 資料表結構 `sn_comments_reply`
--

CREATE TABLE `sn_comments_reply` (
  `cr_id` int(11) NOT NULL,
  `user_id` int(11) DEFAULT NULL,
  `post_id` int(11) DEFAULT NULL,
  `content` text DEFAULT NULL,
  `parent_id` int(11) DEFAULT NULL,
  `comment_timestamp` timestamp NOT NULL DEFAULT current_timestamp() ON UPDATE current_timestamp()
) ENGINE=InnoDB DEFAULT CHARSET=utf8mb4 COLLATE=utf8mb4_general_ci;

--
-- 傾印資料表的資料 `sn_comments_reply`
--

INSERT INTO `sn_comments_reply` (`cr_id`, `user_id`, `post_id`, `content`, `parent_id`, `comment_timestamp`) VALUES
(1, 201, 11, '是的，我當時在城堡附近探險，發現了這個荒廢的城堡。', 1, '2024-02-07 10:30:00'),
(2, 202, 12, '山中寺廟的建築非常宏偉，感覺彷彿回到古代。', 2, '2024-02-08 13:30:00'),
(3, 203, 13, '古墓墳場的氛圍確實讓人感受到歷史的良好。', 3, '2024-02-09 16:30:00'),
(4, 204, 14, '挖掘出的古代器物非常有收穫，都是些有價值的文物。', 4, '2024-02-10 18:30:00'),
(5, 205, 15, '現代藝術展讓我對藝術有了更深刻的理解，多了一種觀察方式。', 5, '2024-02-11 11:30:00'),
(6, 206, 16, '謝謝！還有其他風格的油畫，歡迎查看我的個人作品集。', 6, '2024-02-12 13:30:00'),
(7, 207, 17, '奇幻小說世界中《魔法之門》的故事令我深感震撼。', 7, '2024-02-13 15:30:00'),
(8, 208, 18, '靈感來自於夢境、神話，寫作時常常身歷其境。', 8, '2024-02-14 18:30:00'),
(9, 209, 19, '使用了一些特殊的濾鏡，增強了夜景的神秘感。', 9, '2024-02-15 10:30:00'),
(10, 210, 20, '日出景點在山巔，雖然需要爬山，但風景絕對值得。', 10, '2024-02-16 12:30:00'),
(21, 301, 21, '這家特色餐廳的招牌料理真的是我最愛，非常推薦你去品嚐一下！', 11, '2024-02-17 15:30:00'),
(22, 302, 22, '其實是參考了一些外地食譜，然後根據自己口味做了一些改良。', 12, '2024-02-18 18:30:00'),
(23, 303, 23, '未來科技展中最讓我驚艷的是一個虛擬實境產品，仿佛身歷其境。', 13, '2024-02-19 11:30:00'),
(24, 304, 24, '組裝電腦時需要注意散熱問題，選擇合適的零件也是關鍵。', 14, '2024-02-20 13:30:00'),
(25, 305, 25, '除了花海，我還拍攝到了一些特別的山區野花，非常漂亮。', 15, '2024-02-21 16:30:00'),
(26, 306, 26, '星空中有一顆閃爍的星星讓我特別感動，仿佛在點燃希望。', 16, '2024-02-22 18:30:00'),
(27, 307, 27, '最喜歡的樂隊是「狂熱搖滾」，現場表演真的讓人high翻天。', 17, '2024-02-23 10:30:00'),
(28, 308, 28, '我的音樂風格偏向搖滾和流行的結合，希望大家能夠喜歡。', 18, '2024-02-24 13:30:00'),
(29, 309, 29, '城市中還有一些老舊的建築，但是多數已經遺忘在高樓的陰影中。', 19, '2024-02-25 16:30:00'),
(30, 310, 30, '考古尋寶活動中發現了一批古代寶藏，包括文物和珍貴的首飾。', 20, '2024-02-26 18:30:00'),
(31, 401, 31, '是的，有一幅抽象畫作《夢境之門》深深吸引了我，彷彿置身於另一個世界。', 21, '2024-02-27 10:30:00'),
(32, 402, 32, '《奇幻冒險》中的主角勇敢面對各種挑戰，讓我印象深刻。', 22, '2024-02-28 13:30:00'),
(33, 403, 33, '拍攝夜空星軌需要較長時間的曝光和固定的相機，還有耐心等待美好時刻。', 23, '2024-02-29 16:30:00'),
(34, 404, 34, '有一家隱藏版的美食小店在市區角落，風格獨特，非常推薦！', 24, '2024-03-01 18:30:00'),
(35, 405, 35, '是的，虛擬實境技術的進步讓我們看到了科技未來的無限可能性。', 25, '2024-03-02 11:30:00'),
(36, 406, 36, '湖邊還有一些其他野生動物，例如小鳥和松鼠。', 26, '2024-03-03 14:30:00'),
(37, 407, 37, '音樂節上和朋友一起跳舞、歡笑的瞬間是我難以忘懷的回憶。', 27, '2024-03-04 17:30:00'),
(43, 503, 14, '沙漠中的考古活動中，我們遇到了沙漠風暴的挑戰，但也發現了寶藏。', 33, '2024-02-10 18:00:00'),
(44, 504, 25, '除了花海，還有一些特殊品種的花卉，色彩繽紛。', 34, '2024-02-21 16:00:00'),
(45, 505, 36, '湖邊的生態真的豐富，還看到了一隻獨特的水鳥。', 35, '2024-03-03 15:45:00'),
(46, 506, 31, '《夢境之門》的抽象表現引起了我對夢境的思考。', 36, '2024-02-27 11:00:00'),
(47, 507, 19, '夜景攝影時選擇合適的濾鏡和光線角度是關鍵。', 37, '2024-02-15 09:45:00'),
(48, 508, 33, '拍攝夜空星軌需要在低光害的地區，避免光污染。', 38, '2024-02-29 15:00:00'),
(50, 510, 21, '特色餐廳的招牌料理真的很好吃，你一定會喜歡的！', 40, '2024-02-17 15:45:00'),
(51, 10, 36, 'test', 26, '2024-01-29 19:23:33');

-- --------------------------------------------------------

--
-- 資料表結構 `sn_comment_likes`
--

CREATE TABLE `sn_comment_likes` (
  `like_id` int(11) NOT NULL,
  `user_id` int(11) DEFAULT NULL,
  `comment_id` int(11) DEFAULT NULL
) ENGINE=InnoDB DEFAULT CHARSET=utf8mb4 COLLATE=utf8mb4_general_ci;

-- --------------------------------------------------------

--
-- 資料表結構 `sn_comment_reply_likes`
--

CREATE TABLE `sn_comment_reply_likes` (
  `like_id` int(11) NOT NULL,
  `user_id` int(11) DEFAULT NULL,
  `reply_id` int(11) DEFAULT NULL
) ENGINE=InnoDB DEFAULT CHARSET=utf8mb4 COLLATE=utf8mb4_general_ci;

-- --------------------------------------------------------

--
-- 資料表結構 `sn_followed_boards`
--

CREATE TABLE `sn_followed_boards` (
  `follow_id` int(11) NOT NULL,
  `user_id` int(11) DEFAULT NULL,
  `board_id` int(11) DEFAULT NULL,
  `border_name` varchar(255) DEFAULT NULL,
  `followed_timestamp` timestamp NOT NULL DEFAULT current_timestamp() ON UPDATE current_timestamp()
) ENGINE=InnoDB DEFAULT CHARSET=utf8mb4 COLLATE=utf8mb4_general_ci;

--
-- 傾印資料表的資料 `sn_followed_boards`
--

INSERT INTO `sn_followed_boards` (`follow_id`, `user_id`, `board_id`, `border_name`, `followed_timestamp`) VALUES
(2, 2, 1, '美食', '2024-01-23 05:15:45'),
(3, 3, 2, '旅遊', '2024-01-23 05:20:18'),
(4, 4, 1, '攝影', '2024-01-23 05:30:02'),
(5, 2, 2, '時尚', '2024-01-23 05:35:49'),
(6, 5, 3, '運動', '2024-01-23 05:40:12'),
(7, 3, 3, '藝術', '2024-01-23 05:45:30'),
(8, 4, 2, '科技', '2024-01-23 05:50:11'),
(9, 5, 1, '音樂', '2024-01-23 05:55:27'),
(10, 2, 3, '健康', '2024-01-23 06:00:14'),
(11, 3, 1, '閱讀', '2024-01-23 06:05:40'),
(12, 4, 3, '汽車', '2024-01-23 06:10:22'),
(13, 5, 2, '影視', '2024-01-23 06:15:08'),
(14, 2, 1, '手作', '2024-01-23 06:20:17'),
(15, 3, 2, '生活', '2024-01-23 06:25:45'),
(16, 4, 1, '寵物', '2024-01-23 06:30:29'),
(17, 5, 3, '設計', '2024-01-23 06:35:12'),
(18, 2, 2, '旅遊', '2024-01-23 06:40:20'),
(19, 3, 1, '美食', '2024-01-23 06:45:37'),
(20, 4, 3, '攝影', '2024-01-23 06:50:09'),
(21, 5, 2, '時尚', '2024-01-23 06:55:18'),
(22, 2, 1, '運動', '2024-01-23 07:00:45'),
(23, 3, 2, '藝術', '2024-01-23 07:05:30'),
(24, 4, 1, '科技', '2024-01-23 07:10:15'),
(25, 5, 3, '音樂', '2024-01-23 07:15:22'),
(26, 2, 2, '健康', '2024-01-23 07:20:35'),
(27, 3, 1, '閱讀', '2024-01-23 07:25:40'),
(28, 4, 3, '汽車', '2024-01-23 07:30:50'),
(29, 5, 2, '影視', '2024-01-23 07:35:12'),
(30, 2, 1, '手作', '2024-01-23 07:40:25'),
(31, 3, 3, '美食', '2024-01-24 02:30:18'),
(32, 4, 4, '手作', '2024-01-24 02:45:02'),
(33, 5, 5, '影片分享', '2024-01-24 03:00:49'),
(34, 2, 6, '攝影', '2024-01-24 03:15:12'),
(35, 3, 7, '健身', '2024-01-24 03:30:30'),
(36, 4, 8, '時尚', '2024-01-24 03:45:11'),
(37, 5, 9, '心理學', '2024-01-24 04:00:27'),
(38, 2, 10, '美妝', '2024-01-24 04:15:14'),
(39, 3, 11, '音樂', '2024-01-24 04:30:40'),
(40, 4, 12, '娛樂新聞', '2024-01-24 04:45:22'),
(41, 5, 13, '寵物', '2024-01-24 05:00:08'),
(42, 2, 14, '旅遊攝影', '2024-01-24 05:15:17'),
(43, 3, 15, '旅遊規劃', '2024-01-24 05:30:45'),
(44, 4, 16, '手作藝術', '2024-01-24 05:50:29'),
(45, 5, 17, '心靈成長', '2024-01-24 06:15:12'),
(46, 2, 18, '遊戲', '2024-01-24 06:40:20'),
(47, 3, 19, '家庭生活', '2024-01-24 07:05:37'),
(48, 2, 2, '旅遊', '2024-01-24 02:15:30');

-- --------------------------------------------------------

--
-- 資料表結構 `sn_friends`
--

CREATE TABLE `sn_friends` (
  `friendship_id` int(11) NOT NULL,
  `user_id` int(11) DEFAULT NULL,
  `friend_id` int(11) DEFAULT NULL,
  `status` enum('followed','unfollowed') DEFAULT 'unfollowed',
  `friend_timestamp` timestamp NOT NULL DEFAULT current_timestamp()
) ENGINE=InnoDB DEFAULT CHARSET=utf8mb4 COLLATE=utf8mb4_general_ci;

--
-- 傾印資料表的資料 `sn_friends`
--

INSERT INTO `sn_friends` (`friendship_id`, `user_id`, `friend_id`, `status`, `friend_timestamp`) VALUES
(2, 2, 1, 'unfollowed', '2024-02-03 17:40:26'),
(5, 2, 3, 'unfollowed', '2024-02-03 17:40:26'),
(6, 5, 4, 'unfollowed', '2024-02-03 17:40:26'),
(7, 3, 5, 'unfollowed', '2024-02-03 17:40:26'),
(9, 5, 1, 'unfollowed', '2024-02-03 17:40:26'),
(10, 2, 4, 'unfollowed', '2024-02-03 17:40:26'),
(11, 3, 5, 'unfollowed', '2024-02-03 17:40:26'),
(13, 5, 2, 'unfollowed', '2024-02-03 17:40:26'),
(14, 2, 3, 'unfollowed', '2024-02-03 17:40:26'),
(16, 4, 5, 'unfollowed', '2024-02-03 17:40:26'),
(17, 5, 1, 'unfollowed', '2024-02-03 17:40:26'),
(18, 2, 2, 'unfollowed', '2024-02-03 17:40:26'),
(19, 3, 3, 'unfollowed', '2024-02-03 17:40:26'),
(20, 4, 4, 'unfollowed', '2024-02-03 17:40:26'),
(21, 5, 5, 'unfollowed', '2024-02-03 17:40:26'),
(22, 2, 1, 'unfollowed', '2024-02-03 17:40:26'),
(23, 3, 2, 'unfollowed', '2024-02-03 17:40:26'),
(24, 4, 3, 'unfollowed', '2024-02-03 17:40:26'),
(25, 5, 4, 'unfollowed', '2024-02-03 17:40:26'),
(26, 2, 5, 'unfollowed', '2024-02-03 17:40:26'),
(27, 3, 1, 'unfollowed', '2024-02-03 17:40:26'),
(28, 4, 2, 'unfollowed', '2024-02-03 17:40:26'),
(29, 5, 3, 'unfollowed', '2024-02-03 17:40:26'),
(30, 2, 4, 'unfollowed', '2024-02-03 17:40:26'),
(31, 3, 3, 'unfollowed', '2024-02-03 17:40:26'),
(32, 4, 4, 'unfollowed', '2024-02-03 17:40:26'),
(33, 5, 5, 'unfollowed', '2024-02-03 17:40:26'),
(34, 2, 6, 'unfollowed', '2024-02-03 17:40:26'),
(35, 3, 7, 'unfollowed', '2024-02-03 17:40:26'),
(36, 4, 8, 'unfollowed', '2024-02-03 17:40:26'),
(37, 5, 9, 'unfollowed', '2024-02-03 17:40:26'),
(38, 2, 10, 'unfollowed', '2024-02-03 17:40:26'),
(39, 3, 11, 'unfollowed', '2024-02-03 17:40:26'),
(40, 4, 12, 'unfollowed', '2024-02-03 17:40:26'),
(41, 5, 13, 'unfollowed', '2024-02-03 17:40:26'),
(42, 2, 14, 'unfollowed', '2024-02-03 17:40:26'),
(43, 3, 15, 'unfollowed', '2024-02-03 17:40:26'),
(44, 4, 16, 'unfollowed', '2024-02-03 17:40:26'),
(45, 5, 17, 'unfollowed', '2024-02-03 17:40:26'),
(46, 2, 18, 'unfollowed', '2024-02-03 17:40:26'),
(47, 3, 19, 'unfollowed', '2024-02-03 17:40:26'),
(48, 2, 2, 'unfollowed', '2024-02-03 17:40:26'),
(49, 2, 3, 'unfollowed', '2024-01-03 20:30:45'),
(50, 4, 1, 'unfollowed', '2024-02-02 22:20:15'),
(51, 5, 2, 'unfollowed', '2024-01-16 16:45:30'),
(52, 3, 5, 'unfollowed', '2024-02-01 18:10:22'),
(53, 2, 4, 'unfollowed', '2024-02-03 00:55:18'),
(54, 5, 1, 'unfollowed', '2024-02-01 03:40:05'),
(55, 3, 3, 'unfollowed', '2024-01-16 05:15:40'),
(56, 2, 2, 'unfollowed', '2024-01-27 06:30:12'),
(57, 4, 4, 'unfollowed', '2024-01-12 19:25:50'),
(58, 5, 5, 'unfollowed', '2024-01-22 02:05:36'),
(59, 2, 1, 'unfollowed', '2024-01-23 23:12:09'),
(60, 3, 2, 'unfollowed', '2024-01-25 21:00:28'),
(61, 4, 3, 'unfollowed', '2024-01-29 01:40:55'),
(62, 5, 4, 'unfollowed', '2024-01-19 17:50:14'),
(63, 2, 5, 'unfollowed', '2024-01-18 04:22:37'),
(64, 3, 1, 'unfollowed', '2024-01-18 18:35:49'),
(65, 4, 2, 'unfollowed', '2024-02-01 03:15:07'),
(66, 5, 3, 'unfollowed', '2024-01-05 22:58:33'),
(67, 2, 4, 'unfollowed', '2024-01-05 00:05:11'),
(68, 3, 5, 'unfollowed', '2024-01-31 20:42:24'),
(69, 4, 1, 'unfollowed', '2024-02-02 02:30:58'),
(70, 5, 2, 'unfollowed', '2024-02-03 05:55:46'),
(71, 2, 3, 'unfollowed', '2024-02-01 16:20:40'),
(72, 3, 4, 'unfollowed', '2023-12-31 17:45:55'),
(73, 4, 5, 'unfollowed', '2024-01-01 19:10:17'),
(74, 5, 1, 'unfollowed', '2024-01-13 21:25:23'),
(75, 2, 2, 'unfollowed', '2024-01-11 23:50:38'),
(76, 3, 3, 'unfollowed', '2024-01-23 01:15:50'),
(77, 4, 4, 'unfollowed', '2024-01-11 06:40:02'),
(78, 5, 5, 'unfollowed', '2024-01-11 18:02:20'),
(79, 2, 1, 'unfollowed', '2024-01-18 04:28:44'),
(80, 3, 2, 'unfollowed', '2024-02-03 22:35:59'),
(81, 4, 3, 'unfollowed', '2024-02-01 00:00:05'),
(82, 5, 4, 'unfollowed', '2024-01-09 02:25:18'),
(83, 2, 5, 'unfollowed', '2024-01-24 17:50:30'),
(84, 3, 1, 'unfollowed', '2024-01-25 19:15:45'),
(85, 4, 2, 'unfollowed', '2024-01-31 20:40:57'),
(86, 5, 3, 'unfollowed', '2024-01-24 22:06:12'),
(87, 2, 4, 'unfollowed', '2024-01-18 23:31:26'),
(88, 3, 5, 'unfollowed', '2024-01-19 00:56:40'),
(89, 4, 1, 'unfollowed', '2024-01-15 02:21:55'),
(90, 5, 2, 'unfollowed', '2024-01-14 03:47:09'),
(91, 2, 3, 'unfollowed', '2024-01-09 05:12:22'),
(92, 3, 4, 'unfollowed', '2024-01-27 06:37:34'),
(93, 4, 5, 'unfollowed', '2024-01-27 17:02:49'),
(94, 5, 1, 'unfollowed', '2024-01-28 18:28:03'),
(95, 2, 2, 'unfollowed', '2024-01-14 19:53:15'),
(96, 3, 3, 'unfollowed', '2024-01-14 21:18:28'),
(97, 4, 4, 'unfollowed', '2024-01-15 22:43:40'),
(98, 5, 5, 'unfollowed', '2024-02-02 00:08:55'),
(99, 2, 1, 'unfollowed', '2024-02-03 01:34:09'),
(100, 3, 2, 'unfollowed', '2024-02-01 03:34:09');

-- --------------------------------------------------------

--
-- 資料表結構 `sn_messages`
--

CREATE TABLE `sn_messages` (
  `message_id` int(11) NOT NULL,
  `user_id` int(11) DEFAULT NULL,
  `receiver_id` int(11) DEFAULT NULL,
  `message_content` text DEFAULT NULL,
  `messages_timestamp` timestamp NOT NULL DEFAULT current_timestamp() ON UPDATE current_timestamp(),
  `read_status` varchar(255) DEFAULT NULL
) ENGINE=InnoDB DEFAULT CHARSET=utf8mb4 COLLATE=utf8mb4_general_ci;

--
-- 傾印資料表的資料 `sn_messages`
--

INSERT INTO `sn_messages` (`message_id`, `user_id`, `receiver_id`, `message_content`, `messages_timestamp`, `read_status`) VALUES
(2, 2, 1, '你好嗎？', '2024-01-22 20:15:45', '未讀'),
(3, 3, 2, '最近過得如何？', '2024-01-22 20:20:18', '未讀'),
(4, 4, 1, '有什麼新鮮事嗎？', '2024-01-22 20:30:02', '已讀'),
(5, 2, 2, '記得晚上一起吃飯喔！', '2024-01-22 20:35:49', '未讀'),
(6, 5, 3, '來聊天吧！', '2024-01-22 20:40:12', '已讀'),
(7, 3, 3, '今天有發生什麼有趣的事情嗎？', '2024-01-22 20:45:30', '未讀'),
(8, 4, 2, '下次一起出去玩吧！', '2024-01-22 20:50:11', '未讀'),
(9, 5, 1, '最近忙嗎？', '2024-01-22 20:55:27', '已讀'),
(10, 2, 3, '有空一起喝咖啡吧！', '2024-01-22 21:00:14', '未讀'),
(11, 3, 1, '新的一天要加油！', '2024-01-22 21:05:40', '未讀'),
(12, 4, 3, '下週會有新活動，一起參加吧！', '2024-01-22 21:10:22', '已讀'),
(13, 5, 2, '你看過最近的電影嗎？', '2024-01-22 21:15:08', '未讀'),
(14, 2, 1, '晚上一起打遊戲！', '2024-01-22 21:20:17', '已讀'),
(15, 3, 2, '這個周末有什麼計畫嗎？', '2024-01-22 21:25:45', '未讀'),
(16, 4, 1, '喜歡的音樂有什麼推薦嗎？', '2024-01-22 21:30:29', '未讀'),
(17, 5, 3, '最近在看的書是什麼？', '2024-01-22 21:35:12', '已讀'),
(18, 2, 2, '新發現的好吃的餐廳，要一起去試試看！', '2024-01-22 21:40:20', '未讀'),
(19, 3, 1, '心情不好嗎？聊聊吧！', '2024-01-22 21:45:37', '已讀'),
(20, 4, 3, '最近有什麼困擾的事情嗎？', '2024-01-22 21:50:09', '未讀'),
(21, 5, 2, '下次去哪裡旅遊比較好呢？', '2024-01-22 21:55:18', '未讀'),
(22, 2, 1, '你對新的工作感覺如何？', '2024-01-22 22:00:45', '已讀'),
(23, 3, 2, '忙碌的生活有點疲憊，要注意休息喔！', '2024-01-22 22:05:30', '未讀'),
(24, 4, 1, '最近學到什麼新技能了嗎？', '2024-01-22 22:10:15', '已讀'),
(25, 5, 3, '新年計畫有哪些？', '2024-01-22 22:15:22', '未讀'),
(26, 2, 2, '最近的天氣真是讓人愉快！', '2024-01-22 22:20:35', '已讀'),
(27, 3, 1, '下次一起參加健身課程吧！', '2024-01-22 22:25:40', '未讀'),
(28, 4, 3, '喜歡的食物是什麼？', '2024-01-22 22:30:50', '未讀'),
(29, 5, 2, '近期有什麼好笑的事情分享一下！', '2024-01-22 22:35:12', '已讀'),
(30, 2, 1, '有空一起去逛逛街嗎？', '2024-01-22 22:40:25', '未讀'),
(31, 3, 3, '有空一起出來聚聚吧！', '2024-01-24 02:30:18', '未讀'),
(32, 4, 4, '最近工作順利嗎？', '2024-01-24 02:45:02', '已讀'),
(33, 5, 5, '約個時間一起吃飯吧！', '2024-01-24 03:00:49', '未讀'),
(34, 2, 6, '下次一起去拍照吧！', '2024-01-24 03:15:12', '已讀'),
(35, 3, 7, '這個周末有空嗎？', '2024-01-24 03:30:30', '未讀'),
(36, 4, 8, '新影片上線，快來看看！', '2024-01-24 03:45:11', '已讀'),
(37, 5, 9, '最近讀了一本好書，分享給你！', '2024-01-24 04:00:27', '未讀'),
(38, 2, 10, '最近天氣不錯，要不要一起出遊？', '2024-01-24 04:15:14', '已讀'),
(39, 3, 11, '新發現的音樂真的很好聽，推薦給你！', '2024-01-24 04:30:40', '未讀'),
(40, 4, 12, '快樂分享，歡迎一起參與！', '2024-01-24 04:45:22', '已讀'),
(41, 5, 13, '最近寵物有什麼新玩具嗎？', '2024-01-24 05:00:08', '未讀'),
(42, 2, 14, '旅遊攝影心得分享，歡迎詢問！', '2024-01-24 05:15:17', '已讀'),
(43, 3, 15, '下次旅遊計劃，一起來參加吧！', '2024-01-24 05:30:45', '未讀'),
(44, 4, 16, '手作藝術製作教學，一起動手做吧！', '2024-01-24 05:50:29', '已讀'),
(45, 5, 17, '心靈成長心得，歡迎討論！', '2024-01-24 06:15:12', '未讀'),
(46, 2, 18, '遊戲攻略分享，一同挑戰高難度！', '2024-01-24 06:40:20', '已讀'),
(47, 3, 19, '家庭生活點滴，歡迎互相交流！', '2024-01-24 07:05:37', '未讀'),
(48, 2, 2, '你好，最近過得如何？', '2024-01-24 02:15:30', '已讀');

-- --------------------------------------------------------

--
-- 資料表結構 `sn_notifications`
--

CREATE TABLE `sn_notifications` (
  `notification_id` int(11) NOT NULL,
  `user_id` int(11) DEFAULT NULL,
  `sender_id` int(11) DEFAULT NULL,
  `notification_type` varchar(255) DEFAULT NULL,
  `notifications_timestamp` timestamp NOT NULL DEFAULT current_timestamp() ON UPDATE current_timestamp()
) ENGINE=InnoDB DEFAULT CHARSET=utf8mb4 COLLATE=utf8mb4_general_ci;

--
-- 傾印資料表的資料 `sn_notifications`
--

INSERT INTO `sn_notifications` (`notification_id`, `user_id`, `sender_id`, `notification_type`, `notifications_timestamp`) VALUES
(2, 2, 1, '你的好友喜歡了你的貼文', '2024-01-23 00:15:45'),
(3, 3, 2, '你收到一則私訊', '2024-01-23 00:20:18'),
(4, 4, 1, '有新的追蹤者', '2024-01-23 00:30:02'),
(5, 2, 2, '你的貼文被評為熱門', '2024-01-23 00:35:49'),
(6, 5, 3, '你的好友發布了新的貼文', '2024-01-23 00:40:12'),
(7, 3, 3, '有人回覆了你的評論', '2024-01-23 00:45:30'),
(8, 4, 2, '你的好友邀請你參加活動', '2024-01-23 00:50:11'),
(9, 5, 1, '你有新的粉絲', '2024-01-23 00:55:27'),
(10, 2, 3, '你的好友按讚了你的留言', '2024-01-23 01:00:14'),
(11, 3, 1, '你的好友標記了你', '2024-01-23 01:05:40'),
(12, 4, 3, '你的貼文被分享', '2024-01-23 01:10:22'),
(13, 5, 2, '你的好友邀請你加入群組', '2024-01-23 01:15:08'),
(14, 2, 1, '你有新的通知', '2024-01-23 01:20:17'),
(15, 3, 2, '你的好友發布了新的影片', '2024-01-23 01:25:45'),
(16, 4, 1, '你的留言收到回覆', '2024-01-23 01:30:29'),
(17, 5, 3, '你的好友讚賞了你的留言', '2024-01-23 01:35:12'),
(18, 2, 2, '你的好友邀請你參加線上活動', '2024-01-23 01:40:20'),
(19, 3, 1, '你的貼文被加入收藏', '2024-01-23 01:45:37'),
(20, 4, 3, '你的好友發布了新的故事', '2024-01-23 01:50:09'),
(21, 5, 2, '你的好友回應了你的問題', '2024-01-23 01:55:18'),
(22, 2, 1, '你的好友邀請你一起遊玩遊戲', '2024-01-23 02:00:45'),
(23, 3, 2, '你的好友發送了禮物給你', '2024-01-23 02:05:30'),
(24, 4, 1, '你的貼文被推薦', '2024-01-23 02:10:15'),
(25, 5, 3, '你的好友邀請你一起觀看直播', '2024-01-23 02:15:22'),
(26, 2, 2, '你的好友發布了新的文章', '2024-01-23 02:20:35'),
(27, 3, 1, '你的好友對你的貼文留言', '2024-01-23 02:25:40'),
(28, 4, 3, '你的好友邀請你參加聚會', '2024-01-23 02:30:50'),
(29, 5, 2, '你的好友發布了新的資訊', '2024-01-23 02:35:12'),
(30, 2, 1, '你的好友發來新訊息', '2024-01-23 02:40:25'),
(31, 3, 3, '你有一則新的私訊', '2024-01-24 02:30:18'),
(32, 4, 4, '有人回覆了你的評論', '2024-01-24 02:45:02'),
(33, 5, 5, '你的貼文被點讚了', '2024-01-24 03:00:49'),
(34, 2, 6, '你的好友邀請你加入一個板塊', '2024-01-24 03:15:12'),
(35, 3, 7, '你的貼文被收藏了', '2024-01-24 03:30:30'),
(36, 4, 8, '你的好友更新了他的貼文', '2024-01-24 03:45:11'),
(37, 5, 9, '你有一則新的通知', '2024-01-24 04:00:27'),
(38, 2, 10, '有人追蹤了你的貼文', '2024-01-24 04:15:14'),
(39, 3, 11, '你的評論被點讚了', '2024-01-24 04:30:40'),
(40, 4, 12, '你的好友邀請你參加活動', '2024-01-24 04:45:22'),
(41, 5, 13, '你的私人訊息已被閱讀', '2024-01-24 05:00:08'),
(42, 2, 14, '有人在你的貼文中提到了你', '2024-01-24 05:15:17'),
(43, 3, 15, '你的好友發佈了新的影片', '2024-01-24 05:30:45'),
(44, 4, 16, '有人邀請你參加聚會', '2024-01-24 05:50:29'),
(45, 5, 17, '你的好友更新了他的相冊', '2024-01-24 06:15:12'),
(46, 2, 18, '你的評論被回覆了', '2024-01-24 06:40:20'),
(47, 3, 19, '有人追蹤了你的板塊', '2024-01-24 07:05:37'),
(48, 2, 2, '你的朋友喜歡了你的貼文', '2024-01-24 02:15:30');

-- --------------------------------------------------------

--
-- 資料表結構 `sn_posts`
--

CREATE TABLE `sn_posts` (
  `post_id` int(11) NOT NULL,
  `user_id` int(11) DEFAULT NULL,
  `title` varchar(255) DEFAULT NULL,
  `content` text DEFAULT NULL,
  `image_url` text DEFAULT NULL,
  `video_url` varchar(255) DEFAULT NULL,
  `location` varchar(255) DEFAULT NULL,
  `tagged_users` text DEFAULT NULL,
  `posts_timestamp` timestamp NOT NULL DEFAULT current_timestamp() ON UPDATE current_timestamp(),
  `board_id` int(11) DEFAULT NULL,
  `emotion` varchar(255) DEFAULT NULL,
  `post_type` varchar(10) DEFAULT NULL
) ENGINE=InnoDB DEFAULT CHARSET=utf8mb4 COLLATE=utf8mb4_general_ci;

--
-- 傾印資料表的資料 `sn_posts`
--

INSERT INTO `sn_posts` (`post_id`, `user_id`, `title`, `content`, `image_url`, `video_url`, `location`, `tagged_users`, `posts_timestamp`, `board_id`, `emotion`, `post_type`) VALUES
(11, 111, '探索荒廢的城堡', '發現了一個荒廢的城堡，裡面充滿著神秘感。', '4287ae66caa3a55b05695c461779f3f6e97e7909.jpg', NULL, '城堡廢墟', '103,107', '2024-04-03 04:57:25', 2, NULL, NULL),
(12, 112, '山中古廟的探險', '在探險中意外發現了一座隱藏在山中的古老寺廟。', '314fa56de4c2e25f5d493547520753c284d37f73.jpg', NULL, '山中寺廟', '106,109', '2024-04-03 04:57:25', 2, NULL, NULL),
(13, 113, '古墓墳場的探索之旅', '參觀了一個古老的墓地，感受到歷史的厚重。', 'db88796dcba917aa0348b28c5b4f68fe7ed64b3a.jpg', NULL, '古墓墳場', '102,104', '2024-04-03 04:57:25', 3, NULL, NULL),
(14, 114, '沙漠考古之旅', '在沙漠中挖掘出了一批古代器物，讓人驚喜不已。', '8f09a5b22c664f24ce0fb9d5f7db690ceadd5790.jpg', NULL, '沙漠考古', '108,110', '2024-04-03 04:57:25', 3, NULL, NULL),
(15, 115, '現代藝術展的精彩之旅', '參加了一場現代藝術展，對藝術有了新的體會。俊廷帥帥', '174559999a45761d935a49c6e7ee71cd8b858b81.jpg', NULL, '現代藝術館', '101,105', '2024-04-03 04:57:25', 4, NULL, NULL),
(16, 116, '創作的油畫作品分享', '分享一幅自己創作的油畫，希望大家喜歡。', 'd693d03ff0607413ac040e3c6f9d790005c13d37.jpg', NULL, '', '111,113', '2024-04-03 04:57:25', 4, NULL, NULL),
(17, 117, '奇幻小說世界的探索', '這本奇幻小說中的世界真是太精彩了，推薦給大家。', '4cc9b609b45397bf8ec803b5bf99c1069a2b2902.jpg', NULL, '奇幻小說世界                                          ', '114,116', '2024-04-03 04:57:25', 5, NULL, NULL),
(18, 118, '自己創作的奇幻小說', '自己動手寫了一篇奇幻小說，期待大家的意見。', '240a05d4873df582bc99f6aa5eeb510c412777ea.jpg', '', '', '', '2024-04-03 04:57:25', 5, NULL, NULL),
(19, 119, '城市夜景的迷人之美', '使用不同的濾鏡拍攝城市夜景，效果非常迷人。', 'a9072a3ad42c7604e4a4cc2f11b3a93d65248718.jpg', '', '城市夜景', '101,103', '2024-04-03 04:57:25', 6, NULL, NULL),
(20, 120, '日出景點的分享', '分享一個拍攝日出的秘密地點，讓大家一起感受自然之美。', '979e2cdbceddb48e3eb4186926340b3eafc04056.jpg', '', '日出景點', '104,107', '2024-04-03 04:57:25', 6, NULL, NULL),
(21, 121, '特色餐廳的美味料理', '品嚐了一家特色餐廳的招牌料理，美味極了！', '6813a2e1446b5677156728469a4bc3f6963ef248.jpg', '', '特色餐廳', '102,108', '2024-04-03 04:57:40', 7, NULL, NULL),
(22, 122, '家中的外地美食挑戰', '自己嘗試在家做出外地美食，分享給大家挑戰一下。', 'fbc36cf51176be6be9ddeeca7e4a0715293e254b.jpg', '', '', '109,110', '2024-04-03 04:57:40', 7, NULL, NULL),
(23, 123, '未來科技展的新奇體驗', '參與了一場最新科技產品的展示，未來真是令人期待。', '4c430e9d6464ad8bd7a1ff0d048b6b470360363d.jpg', '', '未來科技展', '101,104', '2024-04-03 04:57:40', 8, NULL, NULL),
(24, 124, '自行組裝的最新電腦', '自己組裝了一部最新的電腦，分享一下DIY心得。', '5bcf9b79dbe01e0d8e44fcf07b1625b1f2484797.jpg', '', '', '111,113', '2024-04-03 04:57:40', 8, NULL, NULL),
(25, 125, '花卉山坡的美麗景色', '在山區發現了一片美麗的花海，感受到大自然的奇蹟。', '9268570574ccf097725623e155e29d852991cb68.jpg', '', '花卉山坡', '102,105', '2024-04-03 04:57:40', 9, NULL, NULL),
(26, 126, '星空觀測的驚艷發現', '透過望遠鏡觀察星空，發現了一些令人驚艷的星體。', '9f5f122abf3a48729855d2a8f2e67b525cbe4f93.jpg', '', '星空觀測點', '106,109', '2024-04-03 04:57:40', 9, NULL, NULL),
(27, 127, '搖滾音樂祭的熱鬧場面', '參加了一場搖滾音樂祭，現場氣氛非常high。', '37a60271b271bf191c696f475f6f29bdc78e6c0e.jpg', '', '搖滾音樂祭', '101,103', '2024-04-03 04:57:40', 10, NULL, NULL),
(28, 128, '自己創作的心靈之音', '創作了一首屬於自己的音樂，希望能夠觸動人心。', 'c93dfaf8f819df065a82a07bd7a5075b2591bca4.jpg', '', '', '', '2024-04-03 04:57:40', 10, NULL, NULL),
(29, 129, '被遺忘的老舊建築探索', '遊走在城市的高樓大廈間，發現了一處被遺忘的老舊建築。', 'e0a9133bc02d84f63c56d8119bcae0e5597d599c.jpg', '', '老舊建築', '104,107', '2024-04-03 04:57:40', 2, NULL, NULL),
(30, 130, '考古尋寶的驚喜發現', '參與了一場考古尋寶活動，發現了一批古代寶藏。', '427756610458ccf3302df8e9ecff02e28b181721.jpg', '', '考古尋寶', '108,110', '2024-04-03 04:57:40', 3, NULL, NULL),
(31, 131, '當代藝術展的深度思考', '參與了一場當代藝術家的展覽，對當代藝術有了更深的理解。', '7aa838e29328fce080b94bf98fe02aa563bb7da2.jpg', '', '當代藝術展', '101,103', '2024-04-03 04:57:40', 4, NULL, NULL),
(32, 132, '奇幻冒險小說的引人入勝', '閱讀了一本充滿奇幻冒險的小說，讓人無法自拔。', 'd95edac929064161c0dfde8cfca555960d394b20.jpg', '', '奇幻冒險', '111,113', '2024-04-03 04:57:40', 5, NULL, NULL),
(33, 133, '夜空星軌的迷人景象', '嘗試拍攝夜空中的閃爍星星，捕捉到了美麗的星軌。', '21d3bdc7a9b20719a187173feabdc3474d892c31.jpg', '', '夜空星軌', '106,109', '2024-04-03 04:57:40', 6, NULL, NULL),
(34, 134, '美食小店的隱藏美味', '嚐遍了城市各地的美食，發現了一家隱藏版的美味小店。', '9a81fd66583f9a4a54aa5487fdabf3dbf94d2b44.jpg', '', '美食小店', '101,105', '2024-04-03 04:57:40', 7, NULL, NULL),
(35, 135, '虛擬實境技術的奇妙體驗', '參與了一場虛擬實境技術的展示，感受到科技的奇妙之處。', '12a9c03a81b8b7f767aaf099edbfab88303c7277.jpg', '', '虛擬實境技術', '108,110', '2024-04-03 04:57:40', 8, NULL, NULL),
(36, 136, '湖邊觀察到的翠鳥羽毛色彩', '在湖邊觀察到一群翠鳥，它們的羽毛色彩真是迷人。', '4c7f318e01e0a34df72689ed45f3427e375da2f3.jpg', '', '湖邊觀察', '102,107', '2024-04-03 04:57:40', 9, NULL, NULL),
(37, 137, '音樂節的狂歡時刻', ' 在音樂節上與朋友一起high翻天，留下了美好的回憶。\r\n              ', 'fda0436960c090e5ff844abcb68dd5622df43e06.jpg', NULL, '音樂節狂歡                                                                                    ', '103,109', '2024-04-03 04:57:40', 10, NULL, NULL),
(554, NULL, '沒有圖片可以發', '如題', NULL, NULL, NULL, NULL, '2024-04-11 05:44:27', NULL, NULL, 'yours'),
(555, NULL, '有圖片也行', '如題', 'http://localhost:3005/johnny/17128430810861868140_screenshots_20240113124439_1.jpg', NULL, NULL, NULL, '2024-04-11 05:44:41', NULL, NULL, 'yours'),
(556, NULL, '沒有內文可以發', '', NULL, NULL, NULL, NULL, '2024-04-11 05:44:49', NULL, NULL, 'yours'),
(563, NULL, '還可以選擇看板 例如這個是美食之旅', '看板在美食', NULL, NULL, NULL, NULL, '2024-04-11 06:21:09', 7, NULL, 'yours'),
(564, NULL, 'selectedFile沒有影響吧?', '沒有', NULL, NULL, NULL, NULL, '2024-04-11 06:37:30', 0, NULL, 'yours');

-- --------------------------------------------------------

--
-- 資料表結構 `sn_post_favorites`
--

CREATE TABLE `sn_post_favorites` (
  `favorite_id` int(11) NOT NULL,
  `user_id` int(11) DEFAULT NULL,
  `post_id` int(11) DEFAULT NULL
) ENGINE=InnoDB DEFAULT CHARSET=utf8mb4 COLLATE=utf8mb4_general_ci;

-- --------------------------------------------------------

--
-- 資料表結構 `sn_post_likes`
--

CREATE TABLE `sn_post_likes` (
  `like_id` int(11) NOT NULL,
  `user_id` int(11) DEFAULT NULL,
  `post_id` int(11) DEFAULT NULL
) ENGINE=InnoDB DEFAULT CHARSET=utf8mb4 COLLATE=utf8mb4_general_ci;

-- --------------------------------------------------------

--
-- 資料表結構 `sn_public_boards`
--

CREATE TABLE `sn_public_boards` (
  `board_id` int(11) NOT NULL,
  `board_name` varchar(255) DEFAULT NULL,
  `description` text DEFAULT NULL
) ENGINE=InnoDB DEFAULT CHARSET=utf8mb4 COLLATE=utf8mb4_general_ci;

--
-- 傾印資料表的資料 `sn_public_boards`
--

INSERT INTO `sn_public_boards` (`board_id`, `board_name`, `description`) VALUES
(1, '綜合', '綜合討論與分享'),
(2, '建築探險', '分享各種建築探險的經驗與心得'),
(3, '歷史考古', '探討世界各地的歷史與考古發現'),
(4, '藝術展覽', '分享藝術展覽資訊與心得'),
(5, '奇幻小說', '討論各種奇幻小說作品'),
(6, '攝影技巧', '交流攝影技巧與分享作品'),
(7, '美食之旅', '分享各地美食的探索之旅'),
(8, '科技前沿', '討論最新科技發展'),
(9, '自然觀察', '觀察大自然的美與奇蹟'),
(10, '音樂分享', '分享各種音樂風格與心得');

-- --------------------------------------------------------

--
-- 資料表結構 `sn_search_history`
--

CREATE TABLE `sn_search_history` (
  `history_id` int(11) NOT NULL,
  `user_id` int(11) NOT NULL,
  `search_keyword` varchar(255) NOT NULL,
  `search_timestamp` timestamp NOT NULL DEFAULT current_timestamp()
) ENGINE=InnoDB DEFAULT CHARSET=utf8mb4 COLLATE=utf8mb4_general_ci;

--
-- 傾印資料表的資料 `sn_search_history`
--

INSERT INTO `sn_search_history` (`history_id`, `user_id`, `search_keyword`, `search_timestamp`) VALUES
(2, 2, '旅遊', '2024-01-23 16:15:30'),
(3, 3, '美食', '2024-01-23 16:30:18'),
(4, 4, '手作', '2024-01-23 16:45:02'),
(5, 5, '電影推薦', '2024-01-23 17:00:49'),
(6, 2, '健身', '2024-01-23 17:15:12'),
(7, 3, '音樂', '2024-01-23 17:30:30'),
(8, 4, '攝影技巧', '2024-01-23 17:45:11'),
(9, 5, '閱讀推薦', '2024-01-23 18:00:27'),
(10, 2, '手搖飲', '2024-01-23 18:15:14'),
(11, 3, '動畫', '2024-01-23 18:30:40'),
(12, 4, '美妝', '2024-01-23 18:45:22'),
(13, 5, '科技新聞', '2024-01-23 19:00:08'),
(14, 2, '寵物養護', '2024-01-23 19:15:17'),
(15, 3, '旅遊景點', '2024-01-23 19:30:45'),
(16, 4, '手工藝品', '2024-01-23 19:50:29'),
(17, 5, '心理學', '2024-01-23 20:15:12'),
(18, 2, '遊戲推薦', '2024-01-23 20:40:20'),
(19, 3, '家庭規劃', '2024-01-23 21:05:37'),
(20, 4, '手機App', '2024-01-23 21:30:09'),
(21, 5, '生態保育', '2024-01-23 21:55:18'),
(22, 2, '科學知識', '2024-01-23 22:20:45'),
(23, 3, '汽車評價', '2024-01-23 22:45:30'),
(24, 4, '新書推薦', '2024-01-23 23:10:20'),
(25, 5, '戶外活動', '2024-01-23 23:35:27'),
(26, 2, '手遊攻略', '2024-01-24 00:00:14'),
(27, 3, '國際新聞', '2024-01-24 00:25:40'),
(28, 4, '投資理財', '2024-01-24 00:50:29'),
(29, 5, '電子產品評價', '2024-01-24 01:15:12'),
(30, 2, '美容保養', '2024-01-24 01:40:25'),
(31, 1, '旅遊', '2024-01-23 00:45:12'),
(32, 1, '美食', '2024-01-23 01:12:34'),
(33, 1, '音樂', '2024-01-23 01:35:45'),
(34, 1, '電影', '2024-01-23 02:02:19'),
(35, 1, '科技', '2024-01-23 02:24:58'),
(36, 1, '健身', '2024-01-23 02:50:37'),
(37, 1, '閱讀', '2024-01-23 03:15:42'),
(38, 1, '攝影', '2024-01-23 03:38:59'),
(39, 1, '遊戲', '2024-01-23 04:05:17'),
(40, 1, '藝術', '2024-01-23 04:27:45'),
(41, 1, '設計', '2024-01-23 04:52:31'),
(42, 1, '寵物', '2024-01-23 05:15:49'),
(43, 1, '偶像', '2024-01-23 05:40:23'),
(44, 1, '汽車', '2024-01-23 06:03:58'),
(45, 1, '手作', '2024-01-23 06:29:14'),
(46, 1, '足球', '2024-01-23 06:51:42'),
(47, 1, '美容', '2024-01-23 07:17:09'),
(48, 1, '養生', '2024-01-23 07:40:27');

-- --------------------------------------------------------

--
-- 資料表結構 `sn_tagged_users`
--

CREATE TABLE `sn_tagged_users` (
  `tu_id` int(11) NOT NULL,
  `user_id` int(11) DEFAULT NULL
) ENGINE=InnoDB DEFAULT CHARSET=utf8mb4 COLLATE=utf8mb4_general_ci;

--
-- 傾印資料表的資料 `sn_tagged_users`
--

INSERT INTO `sn_tagged_users` (`tu_id`, `user_id`) VALUES
(1, 1),
(31, 1),
(32, 1),
(33, 1),
(34, 1),
(35, 1),
(36, 1),
(37, 1),
(38, 1),
(39, 1),
(40, 1),
(41, 1),
(42, 1),
(43, 1),
(44, 1),
(45, 1),
(46, 1),
(47, 1),
(48, 1),
(2, 2),
(6, 2),
(10, 2),
(14, 2),
(18, 2),
(22, 2),
(26, 2),
(30, 2),
(3, 3),
(7, 3),
(11, 3),
(15, 3),
(19, 3),
(23, 3),
(27, 3),
(4, 4),
(8, 4),
(12, 4),
(16, 4),
(20, 4),
(24, 4),
(28, 4),
(5, 5),
(9, 5),
(13, 5),
(17, 5),
(21, 5),
(25, 5),
(29, 5);

-- --------------------------------------------------------

--
-- 資料表結構 `sn_user_relationships`
--

CREATE TABLE `sn_user_relationships` (
  `relation_id` int(11) NOT NULL,
  `user_id` int(11) NOT NULL,
  `friend_id` int(11) DEFAULT NULL,
  `followed_user_id` int(11) DEFAULT NULL,
  `relation_type` varchar(50) NOT NULL
) ENGINE=InnoDB DEFAULT CHARSET=utf8mb4 COLLATE=utf8mb4_general_ci;

-- --------------------------------------------------------

--
-- 資料表結構 `tony_favtour_list`
--

CREATE TABLE `tony_favtour_list` (
  `favlist_id` int(11) NOT NULL,
  `user_id` int(11) NOT NULL,
  `tour_id` int(11) NOT NULL
) ENGINE=InnoDB DEFAULT CHARSET=latin1 COLLATE=latin1_swedish_ci;

--
-- 傾印資料表的資料 `tony_favtour_list`
--

INSERT INTO `tony_favtour_list` (`favlist_id`, `user_id`, `tour_id`) VALUES
(1, 1, 5),
(2, 3, 15),
(3, 2, 28),
(4, 4, 12),
(5, 1, 41),
(6, 3, 8),
(7, 2, 36),
(8, 4, 22),
(9, 1, 49),
(10, 3, 2),
(11, 2, 17),
(12, 4, 31),
(13, 1, 46),
(14, 3, 7),
(15, 2, 20),
(16, 4, 35),
(17, 1, 13),
(18, 3, 25),
(19, 2, 43),
(20, 4, 19),
(21, 1, 11),
(22, 3, 30),
(23, 2, 38),
(24, 4, 45),
(25, 1, 9),
(26, 3, 27),
(27, 2, 34),
(28, 4, 48),
(29, 1, 42),
(30, 3, 16),
(31, 2, 24),
(32, 4, 37),
(33, 1, 50),
(34, 3, 4),
(35, 2, 18),
(36, 4, 33),
(37, 1, 10),
(38, 3, 21),
(39, 2, 29),
(40, 4, 44),
(41, 1, 3),
(42, 3, 26),
(43, 2, 39),
(44, 4, 47),
(45, 1, 14),
(46, 3, 23),
(47, 2, 40),
(48, 4, 32),
(49, 1, 6),
(50, 10, 15);

-- --------------------------------------------------------

--
-- 資料表結構 `tony_rating_comment`
--

CREATE TABLE `tony_rating_comment` (
  `rid` int(11) NOT NULL,
  `user_id` int(11) NOT NULL,
  `tour_id` int(11) NOT NULL,
  `rating_scores` int(11) NOT NULL,
  `comment_content` varchar(255) CHARACTER SET utf8 COLLATE utf8_general_ci NOT NULL,
  `created_at` timestamp NOT NULL DEFAULT current_timestamp() ON UPDATE current_timestamp()
) ENGINE=InnoDB DEFAULT CHARSET=utf8mb4 COLLATE=utf8mb4_general_ci;

-- --------------------------------------------------------

--
-- 資料表結構 `tony_tour_category`
--

CREATE TABLE `tony_tour_category` (
  `cid` int(11) NOT NULL,
  `category_name` varchar(10) CHARACTER SET utf8 COLLATE utf8_general_ci NOT NULL
) ENGINE=InnoDB DEFAULT CHARSET=utf8mb4 COLLATE=utf8mb4_general_ci;

--
-- 傾印資料表的資料 `tony_tour_category`
--

INSERT INTO `tony_tour_category` (`cid`, `category_name`) VALUES
(1, '古厝洋樓'),
(2, '度假飯店'),
(3, '工廠'),
(4, '電影院'),
(5, '百貨公司'),
(6, '娛樂場所'),
(7, '醫院診所'),
(8, '遊樂園'),
(9, '學校'),
(10, '旅館餐廳');

-- --------------------------------------------------------

--
-- 資料表結構 `tony_tour_images`
--

CREATE TABLE `tony_tour_images` (
  `tour_img_id` int(11) NOT NULL,
  `tour_id` int(11) NOT NULL,
  `image_url` varchar(255) NOT NULL,
  `image_descrip` varchar(50) CHARACTER SET utf8 COLLATE utf8_general_ci NOT NULL
) ENGINE=InnoDB DEFAULT CHARSET=latin1 COLLATE=latin1_swedish_ci;

--
-- 傾印資料表的資料 `tony_tour_images`
--

INSERT INTO `tony_tour_images` (`tour_img_id`, `tour_id`, `image_url`, `image_descrip`) VALUES
(1, 1, 'https://media.nownews.com/nn_media/thumbnail/2020/08/%E9%A3%9B%E7%A2%9F%E5%B1%8B%E9%81%BA%E5%9D%80Photo-courtesy-of-@sophyhaha2Instagram-768x403.jpg?unShow=true&waterMark=false', ''),
(2, 1, 'https://media.nownews.com/nn_media/thumbnail/2023/09/1694346169814-0d433ae5b67a4e31a4cd378c3c0a823a-800x600.webp?unShow=false&waterMark=false', ''),
(3, 1, 'https://www.popdaily.com.tw/shaper/u/202010/37592223-53d9-4af6-b638-b29087712bf1.jpg?resize-w=900&resize-h=468', ''),
(4, 3, 'https://media.gq.com.tw/photos/64f54386a36011089240b0ff/master/w_1600,c_limit/2259569060_641ac11b42_o.jpg', ''),
(5, 3, 'https://media.gq.com.tw/photos/64f54389a36011089240b100/master/w_1600,c_limit/2421272739_9c099cdcf4_o.jpg', ''),
(6, 2, 'https://www.tchac.taichung.gov.tw/uploads/tchac/information/large/b9869975-e93e-4c4d-8de4-443b0b0c1d22.jpg', ''),
(7, 3, 'https://media.gq.com.tw/photos/64f54387e9837e8a691a7e84/master/w_1600,c_limit/1244017320', ''),
(8, 2, 'https://spectralcodex.com/x/2023/03/taiwan-taichung-taiping-toubiankeng-police-station-9-900x600.jpg', ''),
(9, 4, 'https://spectralcodex.com/x/taiwan-pingtung-chaozhou-catholic-church-1-1200x800.jpg', ''),
(10, 4, 'https://spectralcodex.com/x/taiwan-pingtung-chaozhou-catholic-church-2-1200x800.jpg', ''),
(11, 4, 'https://spectralcodex.com/x/taiwan-pingtung-chaozhou-catholic-church-3.jpg', ''),
(12, 4, 'https://spectralcodex.com/x/taiwan-pingtung-chaozhou-catholic-church-4-900x900.jpg', ''),
(13, 4, 'https://spectralcodex.com/x/taiwan-pingtung-chaozhou-catholic-church-5-900x600.jpg', ''),
(14, 4, 'https://spectralcodex.com/x/taiwan-pingtung-chaozhou-catholic-church-6-900x600.jpg', ''),
(15, 4, 'https://spectralcodex.com/x/taiwan-pingtung-chaozhou-catholic-church-7.jpg', ''),
(16, 4, 'https://spectralcodex.com/x/taiwan-pingtung-chaozhou-catholic-church-8-1200x800.jpg', ''),
(17, 5, 'https://spectralcodex.com/x/taiwan-tainan-city-old-ximen-market-1-1200x800.jpg', ''),
(18, 5, 'https://spectralcodex.com/x/taiwan-tainan-city-old-ximen-market-2-1200x800.jpg', ''),
(19, 5, 'https://spectralcodex.com/x/taiwan-tainan-city-old-ximen-market-3-1200x800.jpg', ''),
(20, 5, 'https://spectralcodex.com/x/taiwan-tainan-city-old-ximen-market-5-1200x800.jpg', ''),
(21, 5, 'https://spectralcodex.com/x/taiwan-tainan-city-old-ximen-market-4-675x450.jpg', ''),
(22, 5, 'https://spectralcodex.com/tainan-west-market/a-rare-five-digit-phone-number-in-tainan/', ''),
(23, 5, 'https://spectralcodex.com/x/taiwan-tainan-city-old-ximen-market-14-1200x800.jpg', ''),
(24, 5, 'https://spectralcodex.com/x/taiwan-tainan-city-old-ximen-market-8-1200x800.jpg', ''),
(25, 5, 'https://spectralcodex.com/x/taiwan-tainan-city-old-ximen-market-7-1800x1200.jpg', ''),
(26, 5, 'https://spectralcodex.com/x/taiwan-tainan-city-old-ximen-market-25-1200x800.jpg', ''),
(27, 5, 'https://spectralcodex.com/x/taiwan-tainan-city-old-ximen-market-24-1200x800.jpg', ''),
(28, 5, 'https://spectralcodex.com/x/taiwan-tainan-city-old-ximen-market-23-1200x800.jpg', ''),
(29, 5, 'https://spectralcodex.com/x/taiwan-tainan-city-old-ximen-market-9-1200x800.jpg', ''),
(30, 5, 'https://spectralcodex.com/x/taiwan-tainan-city-old-ximen-market-16-1200x800.jpg', ''),
(31, 5, 'https://spectralcodex.com/x/taiwan-tainan-city-old-ximen-market-10-1200x800.jpg', ''),
(32, 5, 'https://spectralcodex.com/x/taiwan-tainan-city-old-ximen-market-11-1200x800.jpg', ''),
(33, 5, 'https://spectralcodex.com/x/taiwan-tainan-city-old-ximen-market-12-675x450.jpg', ''),
(34, 5, 'https://spectralcodex.com/x/taiwan-tainan-city-old-ximen-market-13-675x450.jpg', ''),
(35, 5, 'https://spectralcodex.com/x/taiwan-tainan-city-old-ximen-market-17-1200x1800.jpg', ''),
(36, 5, 'https://spectralcodex.com/x/taiwan-tainan-city-old-ximen-market-19-1200x800.jpg', ''),
(37, 5, 'https://spectralcodex.com/x/taiwan-tainan-city-old-ximen-market-20-675x1013.jpg', ''),
(38, 5, 'https://spectralcodex.com/x/taiwan-tainan-city-old-ximen-market-22-1200x800.jpg', ''),
(39, 5, 'https://spectralcodex.com/x/2015/07/taiwan-tainan-west-market-2021-3-1200x800.jpg', ''),
(40, 6, 'https://spectralcodex.com/x/taiwan-tainan-guanziling-renoir-resort-club-2-1200x800.jpg', ''),
(41, 6, 'https://spectralcodex.com/x/taiwan-tainan-guanziling-renoir-resort-club-3-1200x800.jpg', ''),
(42, 6, 'https://spectralcodex.com/x/taiwan-tainan-guanziling-renoir-resort-club-4-1200x1800.jpg', ''),
(43, 6, 'https://spectralcodex.com/x/taiwan-tainan-guanziling-renoir-resort-club-5-1200x800.jpg', ''),
(44, 6, 'https://spectralcodex.com/x/taiwan-tainan-guanziling-renoir-resort-club-8-1200x800.jpg', ''),
(45, 6, 'https://spectralcodex.com/x/taiwan-tainan-guanziling-renoir-resort-club-6-1200x800.jpg', ''),
(46, 6, 'https://spectralcodex.com/x/taiwan-tainan-guanziling-renoir-resort-club-9-1200x800.jpg', ''),
(47, 6, 'https://spectralcodex.com/x/taiwan-tainan-guanziling-renoir-resort-club-10-1200x800.jpg', ''),
(48, 6, 'https://spectralcodex.com/x/taiwan-tainan-guanziling-renoir-resort-club-12-1200x1800.jpg', ''),
(49, 6, 'https://spectralcodex.com/x/taiwan-tainan-guanziling-renoir-resort-club-11-1200x800.jpg', ''),
(50, 6, 'https://spectralcodex.com/x/taiwan-tainan-guanziling-renoir-resort-club-14-675x450.jpg', '');

-- --------------------------------------------------------

--
-- 資料表結構 `tony_tour_level`
--

CREATE TABLE `tony_tour_level` (
  `level_id` int(11) NOT NULL,
  `level_name` varchar(20) NOT NULL
) ENGINE=InnoDB DEFAULT CHARSET=utf8 COLLATE=utf8_general_ci;

--
-- 傾印資料表的資料 `tony_tour_level`
--

INSERT INTO `tony_tour_level` (`level_id`, `level_name`) VALUES
(1, '簡單'),
(2, '中等'),
(3, '困難');

-- --------------------------------------------------------

--
-- 資料表結構 `tony_tour_location`
--

CREATE TABLE `tony_tour_location` (
  `ruin_id` int(11) NOT NULL,
  `ruin_name` varchar(20) CHARACTER SET utf8 COLLATE utf8_general_ci NOT NULL,
  `area` int(11) NOT NULL,
  `city` int(11) NOT NULL,
  `ruin_address` varchar(100) CHARACTER SET utf8 COLLATE utf8_general_ci NOT NULL
) ENGINE=InnoDB DEFAULT CHARSET=latin1 COLLATE=latin1_swedish_ci;

--
-- 傾印資料表的資料 `tony_tour_location`
--

INSERT INTO `tony_tour_location` (`ruin_id`, `ruin_name`, `area`, `city`, `ruin_address`) VALUES
(1, '安和路飛碟屋', 1, 2, '台北市大安區敦化南路二段88號'),
(2, '頭汴坑警察官吏派出所', 2, 8, '臺中市太平區頭汴里長龍路2段11巷2號'),
(3, '飛宏象山國際聯誼中心', 1, 2, '台北市信義路五段150巷495號'),
(4, '社子大戲院', 1, 2, '台北市士林區社中街33巷3號'),
(5, '麗庭莊園', 1, 2, '台北市內湖區行忠路29號'),
(6, '中外百貨', 1, 2, '台北市中正區衡陽路120號'),
(7, '蘭州國宅', 1, 2, '台北市大同區昌吉街61巷35弄2號'),
(8, '陸軍保養廠', 1, 2, '台北市信義區'),
(9, '基隆路招待所', 1, 2, '台北市信義區基隆路一段366號'),
(10, '嘉禾新村', 1, 2, '台北市中正區永春街131巷1號'),
(11, '松山台鐵宿舍', 1, 2, '台北市信義區市民大道五段4號'),
(12, '義芳居古厝', 1, 2, '台北市大安區基隆路三段155巷128號'),
(13, '撫臺街洋樓', 1, 2, '台北市中正區延平南路26號'),
(14, '第二台北市議會大廈', 1, 2, '台北市中正區忠孝西路一段2號'),
(15, '北投亞太溫泉生活館', 1, 2, '台北市北投區溫泉路銀光巷21-2號'),
(16, '北溝故宮文物典藏山洞', 2, 8, '台中市霧峰區413'),
(17, '東平菸樓', 2, 8, '台中市太平區東平路'),
(18, '全安堂', 2, 8, '台中市中區臺灣大道一段145號'),
(19, '大勇街屋', 2, 8, '台中市東區大勇街'),
(20, '東宮戲院', 2, 8, '台中市東勢區豐勢路368號'),
(21, '中森戲院', 2, 8, '台中市北區成功路490號'),
(22, '烏日車站舊站長宿舍', 2, 8, ' 臺中市烏日區三民段561號'),
(23, '烏日警察官吏派出所', 2, 8, '臺中市烏日區三民街110號'),
(24, '大肚台地反空降堡', 2, 8, '台中市西屯區都會園路1215巷140號'),
(25, '臺中飛行場機槍堡', 2, 8, '臺中市北屯區經貿三路二段與經貿東路口'),
(26, '積善樓', 2, 8, '台中市北屯區興安路一段163號'),
(27, '台中鯊魚墳場', 2, 8, '台中市西屯區國際街60-2號'),
(28, '磺溪書院', 2, 8, '台中市大肚區文昌一街10號'),
(29, '繩繼堂', 2, 8, '台中市南屯區水碓巷6號'),
(30, '水湳菸樓', 2, 8, '台中市北屯區永和巷14-1號'),
(31, '台汽客運彰化總站', 2, 9, '彰化縣彰化市民生路420號'),
(32, '聚奎居', 2, 8, '台中市烏日區學田路405巷36號'),
(33, '霧峰民生診所', 2, 8, '台中市霧峰區中正路369號'),
(34, '千越大樓', 2, 8, '台中市中區綠川西街115號'),
(35, '中華會館臺東分社', 4, 17, '台東縣台東市中正路143號'),
(36, '富有大樓', 4, 17, '台東縣台東市光明路221號'),
(37, '加母子灣民宿', 4, 17, '台東東河鄉台11線往都蘭'),
(38, '池上五洲戲院', 4, 17, '台東縣池上鄉中華路20號'),
(39, '中華大戲院', 4, 17, '台東縣關山鎮民權路'),
(40, '知本崎仔頭廢棄診所(東興大戲院)', 4, 17, '台東縣台東市知本路'),
(41, '金星大戲院', 4, 17, '台東縣台東市知本路三段364號'),
(42, '台南西市場', 3, 14, '台南市中西區西門路二段與號正興街交界'),
(43, '新營成功戲院', 3, 14, '台南市新營區成功街10-12號號'),
(44, '關廟中央戲院', 3, 14, '台南市關廟區仁愛路18巷'),
(45, '白河雷諾瓦山莊', 3, 14, '台南市白河區關子嶺71號'),
(46, '杏林綜合醫院', 3, 14, '台南市中西區西門路一段512號'),
(47, '潮州劉家洋樓', 3, 16, '屏東縣潮州鎮彭城路176巷2號'),
(48, '培源殖產工廠', 3, 16, '940屏東縣枋寮鄉中山路二段361號'),
(49, '潮州九塊厝天主堂', 3, 16, '屏東縣潮州鎮復興路60-1號'),
(50, '雙溪口磚窯', 3, 13, '嘉義縣六腳鄉414之5');

-- --------------------------------------------------------

--
-- 資料表結構 `tony_tour_members`
--

CREATE TABLE `tony_tour_members` (
  `members_id` int(11) NOT NULL,
  `user_id` int(11) NOT NULL,
  `tour_id` int(11) NOT NULL
) ENGINE=InnoDB DEFAULT CHARSET=latin1 COLLATE=latin1_swedish_ci;

--
-- 傾印資料表的資料 `tony_tour_members`
--

INSERT INTO `tony_tour_members` (`members_id`, `user_id`, `tour_id`) VALUES
(1, 1, 1),
(2, 2, 2),
(3, 3, 3),
(4, 4, 1),
(5, 5, 2),
(6, 6, 2),
(7, 7, 1),
(8, 8, 3),
(9, 9, 2),
(10, 10, 2),
(11, 11, 3),
(12, 12, 3),
(13, 13, 3),
(14, 14, 3),
(15, 15, 1),
(16, 16, 1),
(17, 17, 1),
(18, 18, 1),
(19, 19, 1),
(20, 20, 1),
(21, 21, 1),
(22, 22, 2),
(23, 23, 2),
(24, 24, 2),
(25, 25, 2),
(26, 26, 2),
(27, 27, 2),
(28, 28, 2),
(29, 29, 2),
(30, 30, 2),
(31, 31, 2),
(32, 32, 4),
(33, 33, 4),
(34, 34, 4),
(35, 35, 4),
(36, 36, 4),
(37, 37, 4),
(38, 38, 4),
(39, 39, 4),
(40, 40, 4),
(41, 1, 4),
(42, 2, 4),
(43, 3, 4),
(44, 4, 4),
(45, 5, 5),
(46, 6, 5),
(47, 7, 5),
(48, 8, 5),
(49, 9, 5),
(50, 10, 5);

-- --------------------------------------------------------

--
-- 資料表結構 `tony_tour_post`
--

CREATE TABLE `tony_tour_post` (
  `tour_id` int(11) NOT NULL,
  `user_id` int(11) NOT NULL,
  `ruin_id` int(11) NOT NULL,
  `event_date` date NOT NULL,
  `max_groupsize` int(11) NOT NULL,
  `event_period` int(11) NOT NULL,
  `level_id` int(11) NOT NULL,
  `video_url` varchar(255) NOT NULL,
  `title` varchar(100) CHARACTER SET utf8 COLLATE utf8_general_ci NOT NULL,
  `description` varchar(255) CHARACTER SET utf8 COLLATE utf8_general_ci NOT NULL,
  `content` text CHARACTER SET utf8 COLLATE utf8_general_ci NOT NULL,
  `created_at` timestamp NOT NULL DEFAULT current_timestamp() ON UPDATE current_timestamp()
) ENGINE=InnoDB DEFAULT CHARSET=latin1 COLLATE=latin1_swedish_ci;

--
-- 傾印資料表的資料 `tony_tour_post`
--

INSERT INTO `tony_tour_post` (`tour_id`, `user_id`, `ruin_id`, `event_date`, `max_groupsize`, `event_period`, `level_id`, `video_url`, `title`, `description`, `content`, `created_at`) VALUES
(1, 1, 2, '2024-02-28', 10, 2, 1, 'https://example.com/video1', '安和路飛碟屋的神秘冒險', '踏上一場穿越標誌性的安和路飛碟屋的神秘冒險。探索未來主義建築，揭開其牆壁中隱藏的秘密。', '深入探索飛碟屋的奧秘，我們的專業導遊將解說這個不尋常地標背後的故事，讓您的旅程變得非同凡響。', '2024-01-25 01:53:43'),
(2, 2, 4, '2024-03-05', 15, 3, 2, 'https://example.com/video2', '頭汴坑警察官吏派出所的歷史魅力', '在台中頭汴坑警察官吏派出所中體驗歷史的魅力。沉浸於這個標誌性地標豐富的歷史和獨特的建築特色中。', '在頭汴坑警察官吏派出所的大廳中漫步，我們的導遊將揭示其歷史和重要性。了解形塑這個歷史遺址的事件以及它在社區中的作用。', '2024-01-25 01:53:43'),
(3, 3, 6, '2024-03-12', 12, 4, 3, 'https://example.com/video3', '台北飛宏象山國際聯誼中心的文化匯聚', '加入台北飛宏象山國際聯誼中心的文化匯聚。沉浸於這個獨特場地多樣的文化活動和藝術氛圍中。', '體驗飛宏象山國際聯誼中心的充滿活力的氛圍，我們將探索其文化活動。從藝術展覽到互動活動，這次旅行承諾帶您走進創意的核心。', '2024-01-25 01:53:43'),
(4, 4, 8, '2024-03-18', 8, 2, 1, 'https://example.com/video4', '台北社子大戲院的戲劇奇蹟', '沉浸於台北歷史悠久的社子大戲院的戲劇奇蹟。見證舞台的莊嚴，重溫這座保存完好的劇場的黃金時代。', '踏入社子大戲院的娛樂世界，這裡的現場表演之魔力將讓您流連忘返。我們的導遊將分享著名製作的趣聞，以及這個戲劇寶石的文化重要性。', '2024-01-25 01:53:43'),
(5, 5, 10, '2024-03-25', 10, 3, 2, 'https://example.com/video5', '台北麗庭莊園的建築優雅', '踏上前往台北的麗庭莊園之旅，探索這個建築優雅的隱藏寶石。發現這個保存完好的莊園的歷史意義和迷人之處。', '漫步於麗庭莊園的大廳，我們的導遊將揭示其建築奇蹟。了解與這個優雅', '2024-01-25 01:53:43'),
(6, 20, 16, '2024-04-02', 8, 2, 1, 'https://example.com/video6', '中央宮殿購物中心的藝術探索', '在台北的中央宮殿購物中心展開一場藝術探索之旅。沉浸於這個標誌性的購物勝地中各種多樣的藝術裝置和創意展覽中。', '在中央宮殿購物中心探索藝術和商業的融合之處。我們的導遊將帶您穿越引人入勝的展覽，提供當地藝術場景的見解，以及每個展品背後獨特的故事。', '2024-01-25 01:53:43'),
(7, 32, 22, '2024-04-08', 12, 3, 2, 'https://example.com/video7', '烏日舊站長宿舍的歷史魅力', '穿越時光，探索烏日烏日舊站長宿舍的歷史魅力。揭示前站長的故事和這座保存完好的住宅的重要性。', '漫遊烏日舊站長宿舍的房間，當我們的導遊分享其過去的故事。了解它在鐵路早期歷史中所扮演的角色，以及使其成為永恆寶石的建築元素。', '2024-01-25 01:53:43'),
(8, 7, 30, '2024-04-15', 10, 4, 3, 'https://example.com/video8', '水湳市場的美食之旅', '在台中市北區的水湳市場展開美食之旅。沉醉於當地美食，了解傳統食材，並體驗台灣料理豐富的風味。', '品味水湳市場的美食之旅，我們將探索其美食攤位和隱藏的寶藏。從街頭小吃到傳統美食，這次旅行保證是一場令人愉悅的美食冒險。', '2024-01-25 01:53:43'),
(9, 4, 40, '2024-04-22', 15, 2, 1, 'https://example.com/video9', '知本溫泉的日落美景', '在台東的知本溫泉體驗令人驚嘆的日落美景。在恢復活力的溫泉中放鬆，目睹太陽在如畫的風景背後落下。', '沉浸在知本溫泉的寧靜中，當一天接近尾聲時。我們的導遊將分享溫泉的治療效益以及包圍這個田園詩般的度假勝地的自然之美。', '2024-01-25 01:53:43'),
(10, 12, 48, '2024-04-28', 10, 3, 2, 'https://example.com/video10', '潮州九塊厝劇院的文化遺產', '探索屏東潮州的九塊厝劇院的文化遺產。深入了解傳統表演、建築美學和這座標誌性劇院的持久傳奇。', '在九塊厝劇院欣賞傳統表演的魔力。我們的導遊將敘述曾經登上它的舞台的藝術家的故事，以及這座歷史劇院的文化意義。', '2024-01-25 01:53:43'),
(11, 1, 1, '2024-05-10', 10, 2, 1, 'https://example.com/video11', '安和路飛碟屋冒險', '在台北的安和路飛碟屋展開一場外星冒險。探索奇異的建築，揭開這個獨特住所周圍的神秘故事。', '加入我們一起探索飛碟屋，建築奇觀與未解之謎相遇。我們的導遊將分享目擊事件的故事以及這座標誌性建築的歷史。', '2024-01-25 01:59:03'),
(12, 2, 11, '2024-05-15', 8, 3, 2, 'https://example.com/video12', '松山站員宿的鐵道故事', '沉浸在台北松山站員宿的歷史魅力中。聆聽引人入勝的鐵道故事，發現曾經在這個地方居住過的人的故事。', '漫遊松山站員宿的走廊，當我們的導遊將您帶回到過去。了解鐵路工人的生活和這個宿舍在火車旅行的黃金時代中所扮演的關鍵角色。', '2024-01-25 01:59:03'),
(13, 3, 21, '2024-05-20', 12, 4, 3, 'https://example.com/video13', '劍南市場的烹飪遺產', '探索台北中山區劍南市場的烹飪遺產。沉浸在當地美食中，了解傳統食材，感受台灣美食豐富的風味。', '在劍南市場品味正宗的美味，當我們在其美食攤位中穿梭時。從街頭小吃到傳統菜餚，這次旅行承諾帶來美味的美食冒險。', '2024-01-25 01:59:03'),
(14, 4, 31, '2024-05-25', 15, 2, 1, 'https://example.com/video14', '嘉定溫泉的夕陽寧靜', '在台中的嘉定溫泉度過寧靜的夕陽時光。在治療性的溫泉中放鬆，目睹太陽在如畫的風景後落下。', '沉浸在嘉定溫泉的寧靜氛圍中，當一天接近尾聲。我們的導遊將分享溫泉的療效和包圍這個田園般度假勝地的自然之美。', '2024-01-25 01:59:03'),
(15, 5, 41, '2024-05-30', 10, 3, 2, 'https://example.com/video15', '潮州戲院的文化探索', '深入屏東的潮州戲院文化遺產。探索傳統表演的歷史、建築美學和這座標誌性劇院的持久影響。', '在潮州戲院欣賞迷人的表演。我們的導遊將講述曾經登臺的藝術家的故事，以及這座歷史劇院的文化重要性。', '2024-01-25 01:59:03'),
(16, 6, 5, '2024-06-05', 8, 2, 1, 'https://example.com/video16', '台北內湖麗庭莊園的迷人花園', '探索台北內湖麗庭莊園迷人的花園。漫步於充滿活力的風景中，了解使這個莊園成為城市中的隱藏寶石的植物奇蹟。', '在我們的導遊揭示其郁郁蔥蔥的綠意背後，體驗麗庭莊園花園的美麗。從罕見的植物到精心布置的區域，這次旅行提供了一場進入自然的寧靜之旅。', '2024-01-25 01:59:03'),
(17, 7, 15, '2024-06-10', 10, 3, 2, 'https://example.com/video17', '士林的社子戲院劇場歷史', '揭開社子戲院的戲劇歷史。探索這座歷史劇院的建築奇蹟和引人入勝的故事。', '在社子戲院時光倒流，當我們的導遊分享其豐富歷史中的趣聞。了解這個珍愛場所的標誌性表演和文化重要性。', '2024-01-25 01:59:03'),
(18, 8, 25, '2024-06-15', 12, 4, 3, 'https://example.com/video18', '北屯吉山磚窯的古老智慧', '探索保存在台中北屯的吉山磚窯中的古老智慧。了解傳統的製磚技術和這個歷史遺址的文化重要性。', '穿越吉山磚窯的歷史，當我們的導遊解釋製磚的複雜過程。發現嵌入每塊古老磚塊中的文化遺產。', '2024-01-25 01:59:03'),
(19, 9, 35, '2024-06-20', 15, 2, 1, 'https://example.com/video19', '台東富有溫泉的月光浪漫', '在台東富有溫泉的月光中沉浸於浪漫之旅。在月光下享受舒緩的熱泉水，沉浸在這個風景如畫的度假勝地的浪漫氛圍中。', '在月光下，體驗富有溫泉的魔法。我們的導遊將分享關於浪漫邂逅的故事和環繞這個迷人目的地的自然之美。', '2024-01-25 01:59:03'),
(20, 10, 45, '2024-06-25', 10, 3, 2, 'https://example.com/video20', '台南白河雷諾薩莊園的歷史奇蹟', '踏入台南白河雷諾薩莊園的歷史奇蹟。探索這個保存完好的莊園的建築宏偉和歷史意義。', '在雷諾薩莊園的走廊中漫步，當我們的導遊揭示了其輝煌過去的故事。了解曾經在此居住的重要人物和每個角落中持續存在的文化遺產。', '2024-01-25 01:59:03'),
(21, 1, 1, '2024-07-05', 8, 2, 1, 'https://example.com/video21', '探索外星生命在飛碟屋', '踏上探索飛碟屋神秘之旅，解開台北安和路的外星生命之謎。', '加入我們一起探索飛碟屋，這座獨特的建築奇蹟充滿著目擊事件和無法解釋的現象的故事。我們的導遊將分享遭遇的故事以及這座標誌性建築的歷史。', '2024-01-25 02:12:59'),
(22, 2, 12, '2024-07-10', 10, 3, 2, 'https://example.com/video22', '半揹派出所的歷史故事', '沉浸於台中半揹派出所的歷史魅力，聆聽引人入勝的故事，探索曾在此服務的人們的生活。', '隨著我們的導遊穿越派出所的走廊，回到過去。聽聞警官的職責以及他們在這座歷史標誌中面臨的挑戰。', '2024-01-25 02:12:59'),
(23, 3, 26, '2024-07-15', 12, 4, 3, 'https://example.com/video23', '飛宏象山國際聯誼中心的冒險', '在台北的飛宏象山國際聯誼中心展開一場冒險。探索這個獨特地點的風景之美和文化意義。', '在大象山探險，我們將穿越其步道，發現令人驚歎的景色。我們的導遊將分享這個中心文化重要性的見解以及其建立背後的故事。', '2024-01-25 02:12:59'),
(24, 4, 4, '2024-07-20', 15, 2, 1, 'https://example.com/video24', '社子大戲院的戲劇奇蹟', '在台北體驗社子大戲院的戲劇奇蹟。探索這座歷史劇院的建築奇蹟和引人入勝的故事。', '踏入社子大劇院的莊嚴中，我們的導遊將分享其豐富歷史的趣聞。了解這座心愛場所的標誌性演出和文化重要性。', '2024-01-25 02:12:59'),
(25, 5, 9, '2024-07-25', 10, 3, 2, 'https://example.com/video25', '內湖麗庭莊園的靜謐花園', '探索台北內湖麗庭莊園的寧靜花園。漫步在蒼翠的景觀中，了解使這座莊園成為城市中的隱世寶石的植物奇觀。', '在麗庭莊園的花園中感受寧靜，我們的導遊將揭示其綠意背後的秘密。從罕見的植物到精心設計的區域，這次旅行提供了一場和大自然融為一體的寧靜之旅。', '2024-01-25 02:12:59'),
(26, 6, 16, '2024-07-30', 8, 2, 1, 'https://example.com/video26', '中環百貨的冒險', '在台北中環百貨展開一場冒險。深入了解這座標誌性購物地點的歷史意義和建築奇蹟。', '在中環百貨中發現寶藏，當我們探索它的樓層。我們的導遊將分享有關其建立和購物體驗演變的故事。', '2024-01-25 02:12:59'),
(27, 7, 27, '2024-08-05', 10, 3, 2, 'https://example.com/video27', '蘭州國宅的探索', '揭開台北蘭州國宅的歷史。探索這個公共住宅建築的設計和文化意義。', '踏入蘭州社區，我們的導遊將講述居民的故事和台北公共住宅獨特特色。了解這個城市環境中蓬勃發展的社區精神。', '2024-01-25 02:12:59'),
(28, 8, 36, '2024-08-10', 12, 4, 3, 'https://example.com/video28', '精善窯的軍事遺產', '探索台中北屯的精善窯所保留的軍事遺產。了解這個獨特窯的歷史意義和傳統技術。', '穿越精善窯的歷史，我們的導遊將解釋製磚的複雜過程。發現這座古老窯中每塊磚中蘊含的文化遺產。', '2024-01-25 02:12:59'),
(29, 9, 14, '2024-08-15', 15, 2, 1, 'https://example.com/video29', '北投溫泉的月光之戀', '在台北北投溫泉沐浴在月光下的浪漫之旅。享受月光下溫泉的舒緩，沉浸在這個風景優美的度假勝地的浪漫氛圍中。', '體驗北投溫泉的魔力，當月光照亮寧靜的水域。我們的導遊將分享浪漫邂逅的故事和環繞這個迷人目的地的自然之美。', '2024-01-25 02:12:59'),
(30, 10, 33, '2024-08-20', 10, 3, 2, 'https://example.com/video30', '嘉瑞莊莊園的歷史意義', '踏入台南白河的嘉瑞莊莊園的歷史意義。探索其建築宏偉之處，了解曾經在這座保存完好的莊莊園居住的傑出人物。', '在嘉瑞莊莊園的走廊中遊走，我們的導遊將揭示其輝煌過去的故事。發現在這座歷史奇蹟的每個角落都存在的文化遺產。', '2024-01-25 02:12:59'),
(31, 11, 24, '2024-08-25', 8, 2, 1, 'https://example.com/video31', '大肚山堡的歷史地標', '探索台中大肚山堡的歷史地標。深入研究這座戰略性堡壘的軍事歷史和建築奇蹟。', '當我們的導遊展開其歷史重要性的故事時，目睹大肚山堡的壯麗。了解它在保護該地區中所扮演的戰略重要性。', '2024-01-25 02:12:59'),
(32, 12, 25, '2024-08-30', 10, 3, 2, 'https://example.com/video32', '中山夜市的美食之旅', '在台北中山夜市享受美食之旅。品味當地美食，探索美食攤位，體驗這個標誌性夜市的熱鬧氛圍。', '在中山夜市品味美食，我們的導遊將介紹當地的美食和這個繁忙市場的豐富烹飪遺產。', '2024-01-25 02:12:59'),
(33, 13, 17, '2024-09-05', 12, 4, 3, 'https://example.com/video33', '霧峰佳德莊園的鄉村撤退', '在台中霧峰佳德莊園尋找鄉村撤退。沉浸在大自然的寧靜中，發現定義這片風景之地的農業實踐。', '漫步在佳德莊園的田野中，我們的導遊將分享可持續農業實踐的見解。體驗鄉村生活的迷人之處和鄉村的美麗。', '2024-01-25 02:12:59'),
(34, 14, 8, '2024-09-10', 15, 2, 1, 'https://example.com/video34', '富友溫泉的月光寧靜', '在台東富友溫泉沐浴在月光下的寧靜中。在月光下放鬆身心，沐浴在這個迷人目的地的寧靜氛圍中。', '體驗富友溫泉的寧靜，當月光照亮寧靜的水域。我們的導遊將分享放鬆和這個迷人目的地的自然之美的故事。', '2024-01-25 02:12:59'),
(35, 15, 29, '2024-09-15', 10, 3, 2, 'https://example.com/video35', '興座劇院的歷史敘事', '深入探討台中興座劇院的歷史敘事。探索這座歷史劇院的建築美學和引人入勝的故事。', '在興座劇院穿越時光，我們的導遊將分享其豐富歷史的趣聞。了解這座心愛場所的標誌性演出和文化重要性。', '2024-01-25 02:12:59'),
(36, 16, 39, '2024-09-20', 8, 2, 1, 'https://example.com/video36', '金谷堂的藝術精髓', '在屏東金谷堂發現藝術精髓。探索這個標誌性場所的文化遺產、藝術展示和持久的傳承。', '目睹金谷堂迷人的藝術品，我們的導遊將敘述展品背後的故事和這座歷史場所的文化意義。', '2024-01-25 02:12:59'),
(37, 17, 3, '2024-09-25', 10, 3, 2, 'https://example.com/video37', '潮州戲院的神秘之旅', '揭開屏東潮州戲院的神秘。探索這座歷史劇院的隱藏角落、建築奇蹟和環繞它的引人入勝的故事。', '在潮州戲院的發現之旅。我們的導遊將揭示使這座劇院成為獨特文化寶石的秘密和神秘。', '2024-01-25 02:12:59'),
(38, 18, 22, '2024-09-30', 12, 4, 3, 'https://example.com/video38', '烏日龍山窯的傳統工藝', '在台中烏日龍山窯探索傳統工藝。了解精湛的陶藝技術和這座歷史窯的文化重要性。', '穿越烏日龍山窯的歷史，我們的導遊將解釋製陶的藝術。發現這座古老窯中每一件創作的文化遺產。', '2024-01-25 02:12:59'),
(39, 19, 32, '2024-10-05', 15, 2, 1, 'https://example.com/video39', '宜蘭溫泉的迷人夜晚', '在宜蘭溫泉度過一個迷人的夜晚。沉浸在舒緩的溫泉水中，享受這個風景如畫的溫泉勝地的寧靜。', '在宜蘭溫泉放鬆身心，我們的導遊將分享溫泉的療效。在這個田園般的環境中沐浴在寧靜的氛圍中，與大自然連結。', '2024-01-25 02:12:59'),
(40, 20, 43, '2024-10-10', 10, 3, 2, 'https://example.com/video40', '新營市場的文化融合', '深入探索台南新營市場的文化融合。探索各種各樣的攤位，品味獨特的風味，見證定義這個充滿活力市場的文化交流。', '在新營市場品味文化豐富性，我們穿越繁忙的小巷。從當地美食到手工藝品，這次旅行保證帶來愉悅的文化融合體驗。', '2024-01-25 02:12:59'),
(41, 21, 14, '2024-10-15', 8, 2, 1, 'https://example.com/video41', '安平古堡的海事歷史', '沉浸於台南安平古堡的海事歷史。探索堡壘的建築，了解海軍遺產，欣賞海岸線的全景。', '在安平古堡，隨著我們的導遊敘述在其城牆內展開的海事歷史，時光倒流。發現這座歷史古堡的戰略重要性和迷人的故事。', '2024-01-25 02:12:59'),
(42, 22, 5, '2024-10-20', 10, 3, 2, 'https://example.com/video42', '饒河夜市的美食探險', '在台北饒河夜市展開美食探險。品嚐各種街頭美食，體驗當地風味，沉浸在這個著名夜市的熱鬧氛圍中。', '在饒河夜市滿足您的美食渴望，我們將探索其多樣的美食攤位。我們的導遊將向您介紹標誌性的菜餚，並分享市場豐富的烹飪傳統故事。', '2024-01-25 02:12:59'),
(43, 23, 18, '2024-10-25', 12, 4, 3, 'https://example.com/video43', '國立台灣美術館的藝術之旅', '在台中國立台灣美術館展開藝術之旅。探索當代藝術品，欣賞多樣的展覽，深入了解台灣豐富的藝術風景。', '沉浸於國立台灣美術館的藝術世界。我們的導遊將為展出的藝術品提供背景，並分享博物館在促進文化創意方面的角色。', '2024-01-25 02:12:59'),
(44, 24, 31, '2024-10-30', 15, 2, 1, 'https://example.com/video44', '清水斷崖的寧靜退卻', '在台灣東海岸體驗清水斷崖的寧靜退卻。欣賞令人屏息的海岸線美景，探索風景優美的小徑，在這片寧靜的環境中與大自然連結。', '在清水斷崖的寧靜中放鬆身心，我們的導遊將介紹其自然奇觀。了解這個風景如畫的懸崖地點的地質形成和文化重要性。', '2024-01-25 02:12:59'),
(45, 25, 11, '2024-11-05', 10, 3, 2, 'https://example.com/video45', '台南五妃廟的歷史探險', '深入探討台南五妃廟的歷史探險。發現廟宇的建築之美，了解宗教傳統，沉浸在這個神聖地點的精神氛圍中。', '探索五妃廟豐富的歷史，我們的導遊將分享其建立和文化重要性的故事。見證傳統儀式，欣賞廟宇的精緻細節。', '2024-01-25 02:12:59'),
(46, 26, 35, '2024-11-10', 8, 2, 1, 'https://example.com/video46', '台南赤崁樓的文化遺產', '發現台南赤崁樓的文化遺產。探索這個標誌性地標的歷史意義、建築優雅和引人入勝的故事。', '踏入赤崁樓的歷史，我們的導遊將揭示其文化重要性的故事。了解塑造該地區的歷史事件，欣賞樓塔的建築宏偉。', '2024-01-25 02:12:59'),
(47, 27, 21, '2024-11-15', 10, 3, 2, 'https://example.com/video47', '鹿港老街的傳統節慶', '在彰化鹿港老街體驗傳統節慶。沉浸在熱鬧的氛圍中，觀賞文化表演，探索這條歷史老街的魅力。', '在鹿港老街慶祝傳統的精神，我們漫步在其充滿活力的巷弄中。我們的導遊將分享對節慶儀式和這個迷人目的地文化遺產的深入見解。', '2024-01-25 02:12:59'),
(48, 28, 46, '2024-11-20', 12, 4, 3, 'https://example.com/video48', '台南嘉定媽祖廟的神聖場所', '參觀台南嘉定媽祖廟的神聖場所。探索廟宇的建築，參與宗教儀式，了解媽祖崇拜的深厚文化意義。', '在嘉定媽祖廟感受神聖的氛圍，我們的導遊將提供對媽祖崇拜的深入見解。見證傳統儀式，沉浸在這座受尊崇的廟宇的精神氛圍中。', '2024-01-25 02:12:59'),
(49, 29, 1, '2024-11-25', 15, 2, 1, 'https://example.com/video49', '淡水漁人碼頭的日落小夜曲', '在淡水漁人碼頭享受日落小夜曲。在海濱放鬆，欣賞海岸線美景，聆聽現場音樂，太陽在地平線上落下。', '在淡水漁人碼頭欣賞夕陽之美，我們的導遊將以現場音樂營造氛圍。了解這個海濱地點的文化重要性，並在夜幕降臨的背景下創造美好回憶。', '2024-01-25 02:12:59'),
(50, 30, 15, '2024-11-30', 10, 3, 2, 'https://example.com/video50', '台北林本源園邸的建築奇蹟', '在台北探索林本源園邸的建築奇蹟。漫步於古典中國花園中，欣賞歷史建築，了解林家的影響力。', '踏入林本源園邸的優雅，我們的導遊將揭示其建築之美和歷史軼事。發現林家的遺產以及這座保存完好的別墅的文化重要性。', '2024-01-25 02:12:59');

-- --------------------------------------------------------

--
-- 資料表結構 `tr_tour_comment`
--

CREATE TABLE `tr_tour_comment` (
  `tour_comment_id` int(11) NOT NULL,
  `user_id` int(11) NOT NULL,
  `tour_id` int(11) NOT NULL,
  `comment_content` text CHARACTER SET utf8 COLLATE utf8_general_ci NOT NULL,
  `comment_parent_id` int(11) DEFAULT NULL,
  `comment_time` timestamp NOT NULL DEFAULT current_timestamp() ON UPDATE current_timestamp()
) ENGINE=InnoDB DEFAULT CHARSET=latin1 COLLATE=latin1_swedish_ci;

--
-- 傾印資料表的資料 `tr_tour_comment`
--

INSERT INTO `tr_tour_comment` (`tour_comment_id`, `user_id`, `tour_id`, `comment_content`, `comment_parent_id`, `comment_time`) VALUES
(1, 2, 1, '以前年輕的時候還去拍照，體質比較特別還帶了一些靈魂回來XD', NULL, '2024-01-17 01:39:30'),
(2, 1, 1, '天哪!妳那時一定嚇壞了吧？', 1, '2024-01-17 01:47:08'),
(3, 4, 1, '小時候在台東知本溫泉大飯店也有飛碟屋', NULL, '2024-01-17 01:47:08'),
(4, 3, 1, '民國79年我在台東住過飛碟屋。可能客人很少，棉被都是潮濕的霉味，因此再也沒有住第二次了。', 3, '2024-01-17 01:56:03'),
(5, 5, 1, '可惜連飯店都消失了，飯店前還有尿尿小童，真的是老台東人的回憶啊', 3, '2024-01-17 01:52:35'),
(6, 10, 1, '這個是我以前阿嬤住的地方~~', NULL, '2024-01-17 01:54:29'),
(7, 1, 1, '哇請問裡面是什麼樣子?謝謝', 6, '2024-01-17 01:54:29'),
(8, 15, 1, '我就記得這裡原本是幼稚園!謝謝您的分享~~', 6, '2024-01-17 01:55:27'),
(10, 1, 2, '這裡看起來好像很有趣，下次有機會一定要去走走。', NULL, '2024-01-19 23:30:45'),
(11, 3, 1, '哇，這麼有趣的地方，我也好想去體驗一下！', NULL, '2024-01-20 17:45:12'),
(12, 2, 4, '好特別的回憶，謝謝分享！', NULL, '2024-01-20 20:15:22'),
(13, 4, 3, '我也曾經在年輕的時候去過類似的地方，感覺真的很奇妙。', NULL, '2024-01-21 16:20:18'),
(14, 5, 5, '這個地方好像很有故事，有機會我也要去看看！', NULL, '2024-01-21 18:55:30'),
(15, 6, 10, '真的嗎？這樣很有趣，謝謝您的分享！', NULL, '2024-01-22 22:40:15'),
(16, 7, 1, '我對於這種古老的建築都很感興趣，下次也想去參觀一下。', NULL, '2024-01-23 00:25:40'),
(17, 8, 15, '我以前也曾住過這裡，感覺好懷念！', NULL, '2024-01-23 17:10:55'),
(18, 9, 2, '這裡的回憶讓我想起了許多年前的事情，真是感慨。', NULL, '2024-01-23 19:20:30'),
(19, 10, 1, '對於這樣的古蹟，總是充滿了謎團，我也想去一探究竟！', NULL, '2024-01-23 22:15:10'),
(20, 11, 4, '我喜歡這種充滿歷史感的地方，一定要去看看！', NULL, '2024-01-24 17:30:45'),
(21, 12, 3, '真的嗎？這麼有趣的地方，我也要去體驗一番！', NULL, '2024-01-24 20:40:22'),
(22, 13, 5, '這裡看起來很有趣，好像可以找到許多有趣的事情！', NULL, '2024-01-24 23:18:18'),
(23, 14, 10, '我也曾經在這裡住過，回憶很深刻。', NULL, '2024-01-25 02:05:30'),
(24, 15, 1, '這裡的建築真的很獨特，我想要親身體驗一下！', NULL, '2024-01-25 04:30:15'),
(25, 16, 2, '看起來好像有點神秘，我也想去感受一下那種氛圍！', NULL, '2024-01-25 18:15:40'),
(26, 17, 3, '我也有類似的回憶，真的很有趣呢！', NULL, '2024-01-25 20:40:55'),
(27, 18, 4, '我喜歡這樣的地方，總是能夠找到不同的驚喜。', NULL, '2024-01-25 23:20:30'),
(28, 19, 5, '我想要去看看，聽起來好像很好玩的樣子！', NULL, '2024-01-26 17:35:45'),
(29, 20, 1, '這裡真的是個寶藏，謝謝分享！', NULL, '2024-01-26 19:50:22'),
(30, 21, 10, '我也曾經在這裡玩過，好懷念的回憶。', NULL, '2024-01-26 22:15:18'),
(31, 22, 2, '這個地方的歷史真的很豐富，我也想要去看看！', NULL, '2024-01-27 01:05:30'),
(32, 23, 3, '好像是個很有趣的地方，下次一定要去參觀一下。', NULL, '2024-01-27 17:20:15'),
(33, 24, 4, '我也曾住在這個地方，真的是充滿了美好的回憶。', NULL, '2024-01-27 19:30:45'),
(34, 25, 5, '這裡的風景真的很美，一定要去看看！', NULL, '2024-01-27 22:15:22'),
(35, 26, 10, '我對於這樣的歷史建築非常感興趣，下次去看看！', NULL, '2024-01-28 00:40:18'),
(36, 27, 1, '我也曾經在這裡住過，真的很有趣。', NULL, '2024-01-28 18:55:30'),
(37, 28, 2, '這裡的歷史應該很有深度，一定要去了解一下。', NULL, '2024-01-28 20:20:15'),
(38, 29, 3, '好特別的地方，我也好想親自去看看！', NULL, '2024-01-28 23:10:45'),
(39, 30, 4, '這裡的氛圍一定很特別，下次我也要去感受一下。', NULL, '2024-01-29 17:35:22'),
(40, 31, 5, '我也曾在這裡留下過美好的回憶。', NULL, '2024-01-29 19:50:18'),
(41, 32, 10, '這裡好像充滿了神秘感，我也想要去感受一下！', NULL, '2024-01-29 22:15:30'),
(42, 33, 1, '這裡的建築真的很獨特，值得一遊！', NULL, '2024-01-30 18:30:15'),
(43, 34, 2, '我也曾在這裡度過一段美好的時光。', NULL, '2024-01-30 20:45:45'),
(44, 35, 3, '這裡的歷史應該很豐富，有機會我也要去看看！', NULL, '2024-01-30 23:20:22'),
(45, 36, 4, '這個地方真的是個寶藏，謝謝分享！', NULL, '2024-01-31 17:35:30'),
(46, 37, 5, '我也曾在這裡遊玩，真的很有趣。', NULL, '2024-01-31 19:50:15'),
(47, 38, 10, '這裡的風景應該很美，我也要去感受一下！', NULL, '2024-01-31 22:15:45'),
(48, 39, 1, '好像是個很特別的地方，下次一定要去探索一下。', NULL, '2024-02-01 01:05:22'),
(49, 40, 2, '這裡真的是個古老的寶藏，我也想要去挖寶！', NULL, '2024-02-01 18:20:18'),
(50, 41, 3, '我也曾在這裡留下過一段美好的回憶。', NULL, '2024-02-01 20:30:30'),
(51, 42, 4, '這裡的歷史應該很豐富，我也要去好好了解一下！', NULL, '2024-02-01 23:15:15');

-- --------------------------------------------------------

--
-- 資料表結構 `tyler_chat`
--

CREATE TABLE `tyler_chat` (
  `sid` int(11) NOT NULL,
  `user_id` int(11) NOT NULL,
  `comment` varchar(255) NOT NULL,
  `timestamp` timestamp NOT NULL DEFAULT current_timestamp() ON UPDATE current_timestamp()
) ENGINE=InnoDB DEFAULT CHARSET=utf8mb4 COLLATE=utf8mb4_general_ci;

-- --------------------------------------------------------

--
-- 資料表結構 `tyler_effect_shop`
--

CREATE TABLE `tyler_effect_shop` (
  `sid` int(255) NOT NULL,
  `user_id` int(11) NOT NULL,
  `buy_amount` int(11) NOT NULL,
  `time_buy_effect` timestamp NOT NULL DEFAULT current_timestamp() ON UPDATE current_timestamp()
) ENGINE=InnoDB DEFAULT CHARSET=utf8mb4 COLLATE=utf8mb4_general_ci;

--
-- 傾印資料表的資料 `tyler_effect_shop`
--

INSERT INTO `tyler_effect_shop` (`sid`, `user_id`, `buy_amount`, `time_buy_effect`) VALUES
(1, 1, 12, '2024-01-22 23:14:33'),
(2, 1, 5, '2024-01-24 16:00:00'),
(3, 2, 8, '2024-01-25 17:30:00'),
(4, 3, 3, '2024-01-31 19:45:00'),
(5, 4, 6, '2024-02-04 21:20:00'),
(6, 5, 10, '2024-02-09 23:10:00'),
(7, 6, 2, '2024-02-15 01:30:00'),
(8, 7, 7, '2024-02-20 03:40:00'),
(9, 8, 4, '2024-02-25 05:15:00'),
(10, 9, 9, '2024-03-01 07:05:00'),
(11, 10, 12, '2024-03-04 09:25:00'),
(12, 11, 8, '2024-03-09 11:45:00'),
(13, 12, 3, '2024-03-14 14:00:00'),
(14, 13, 5, '2024-03-19 16:15:00'),
(15, 14, 7, '2024-03-24 18:30:00'),
(16, 15, 10, '2024-03-29 20:45:00'),
(17, 16, 13, '2024-04-03 23:00:00'),
(18, 17, 6, '2024-04-09 01:15:00'),
(19, 18, 9, '2024-04-14 03:30:00'),
(20, 19, 11, '2024-04-19 05:45:00'),
(21, 20, 15, '2024-04-24 07:55:00'),
(22, 21, 12, '2024-04-28 10:10:00'),
(23, 22, 5, '2024-05-03 12:25:00'),
(24, 23, 6, '2024-05-08 14:40:00'),
(25, 24, 8, '2024-05-13 16:55:00'),
(26, 25, 10, '2024-05-18 19:10:00'),
(27, 26, 15, '2024-05-23 21:25:00'),
(28, 27, 18, '2024-05-28 23:40:00'),
(29, 28, 22, '2024-06-03 01:55:00'),
(30, 29, 19, '2024-06-08 04:10:00'),
(31, 30, 14, '2024-06-13 06:25:00'),
(32, 31, 8, '2024-06-17 08:40:00'),
(33, 32, 11, '2024-06-22 11:00:00'),
(34, 33, 13, '2024-06-27 13:15:00'),
(35, 34, 15, '2024-07-02 15:30:00'),
(36, 35, 17, '2024-07-07 17:45:00'),
(37, 36, 20, '2024-07-12 20:00:00'),
(38, 37, 23, '2024-07-17 22:15:00'),
(39, 38, 25, '2024-07-23 00:30:00'),
(40, 39, 28, '2024-07-28 02:45:00'),
(41, 40, 30, '2024-08-02 05:00:00'),
(42, 41, 8, '2024-08-07 07:15:00'),
(43, 42, 10, '2024-08-11 09:30:00'),
(44, 43, 14, '2024-08-16 11:45:00'),
(45, 44, 18, '2024-08-21 14:00:00'),
(46, 45, 22, '2024-08-26 16:15:00'),
(47, 46, 25, '2024-08-31 18:30:00'),
(48, 47, 28, '2024-09-05 20:45:00'),
(49, 48, 30, '2024-09-10 23:00:00'),
(50, 49, 33, '2024-09-16 01:15:00'),
(51, 50, 36, '2024-09-21 03:30:00');

-- --------------------------------------------------------

--
-- 資料表結構 `tyler_effect_special`
--

CREATE TABLE `tyler_effect_special` (
  `sid` int(255) NOT NULL,
  `effect` varchar(255) NOT NULL,
  `cost` int(11) NOT NULL,
  `image` varchar(255) DEFAULT NULL
) ENGINE=InnoDB DEFAULT CHARSET=utf8mb4 COLLATE=utf8mb4_general_ci;

--
-- 傾印資料表的資料 `tyler_effect_special`
--

INSERT INTO `tyler_effect_special` (`sid`, `effect`, `cost`, `image`) VALUES
(1, 'Crocs 狗狗', 10, 'crocs_dog.jpeg'),
(4, 'you are not my father, and you never will', 40, 'cry_woman.jpeg'),
(5, 'lovvvvve', 50, 'love.jpeg'),
(12, 'how to get away with murder', 500, 'get_nose.jpeg'),
(13, '嚇鼠', 33, 'scared_mouse.jpeg'),
(14, 'test', 44, 'banana_cat.jpeg'),
(15, 'test', 44, 'banana_cat.jpeg'),
(16, '西裝貓貓', 80, 'tux_cat.jpeg'),
(17, '12', 112, 'tux_cat.jpeg'),
(19, '西裝貓貓測試', 50, 'tux_cat.jpeg'),
(20, 'test', 123, 'tux_cat.jpeg'),
(21, 'test', 345, 'tux_cat.jpeg'),
(23, 'explain', 555, 'explain.png'),
(24, '我是工讀生', 444, 'parttime.jpeg'),
(25, '444', 100, 'jibye.jpeg'),
(26, '12', 123, 'explain.png'),
(27, 'gogo', 123, 'explain.png'),
(28, 'tet', 222, 'explain.png'),
(29, 'change', 123, 'explain.png'),
(30, 'fdsaf', 134, 'explain.png'),
(31, 'i\'ll wake you up', 40, 'slap.jepg'),
(32, 'i\'ll wake you up', 40, 'slap.jepg'),
(33, '吉度恐慌', 50, 'jibye.jpeg'),
(34, 'change', 343, 'jibye.jpeg'),
(35, 'change', 343, 'jibye.jpeg'),
(36, 'test', 22, 'jibye.jpeg'),
(37, 'test', 44, 'jibye.jpeg'),
(38, 'test', 333, 'jibye.jpeg'),
(39, 'ff', 455, 'jibye.jpeg'),
(40, 'ff', 44, 'jibye.jpeg'),
(41, 'test', 123, 'tux_cat.jpeg'),
(42, 'test', 123, 'explain.png'),
(43, 'test', 123, 'explain.png'),
(44, 'test', 123, 'explain.png'),
(45, 'test', 123, 'explain.png'),
(46, 'tse', 222, 'explain.png'),
(47, 'tse', 222, 'explain.png'),
(48, 'change', 123, 'explain.png'),
(49, 'change', 123, 'explain.png'),
(50, 'change', 123, 'explain.png'),
(51, 'change', 123, 'explain.png'),
(52, 'change', 123, 'explain.png'),
(53, 'change', 123, 'explain.png'),
(54, 'change', 123, 'explain.png'),
(55, 'change', 123, 'explain.png'),
(56, 'change', 123, 'explain.png'),
(57, 'change', 123, 'explain.png'),
(58, 'change', 123, 'explain.png'),
(59, '好吉了', 666, 'jibye.jpeg'),
(60, '西裝貓貓', 44, 'tux_cat.jpeg'),
(61, '123', 123, ''),
(62, '123', 123, '');

-- --------------------------------------------------------

--
-- 資料表結構 `tyler_get_point`
--

CREATE TABLE `tyler_get_point` (
  `sid` int(255) NOT NULL,
  `user_id` int(11) NOT NULL,
  `has_point` int(11) NOT NULL,
  `source` varchar(255) NOT NULL,
  `time_has_point` timestamp NOT NULL DEFAULT current_timestamp() ON UPDATE current_timestamp()
) ENGINE=InnoDB DEFAULT CHARSET=utf8mb4 COLLATE=utf8mb4_general_ci;

--
-- 傾印資料表的資料 `tyler_get_point`
--

INSERT INTO `tyler_get_point` (`sid`, `user_id`, `has_point`, `source`, `time_has_point`) VALUES
(1, 1, 15, 'answer correctly', '2024-01-25 00:15:05'),
(2, 1, 10, 'lottery', '2024-01-24 16:00:00'),
(3, 2, 15, 'answer correctly', '2024-01-25 17:30:00'),
(4, 3, 20, 'majority', '2024-01-31 19:45:00'),
(5, 4, 30, 'lottery', '2024-02-04 21:20:00'),
(6, 5, 10, 'majority', '2024-02-09 23:10:00'),
(7, 6, 15, 'answer correctly', '2024-02-15 01:30:00'),
(8, 7, 20, 'lottery', '2024-02-20 03:40:00'),
(9, 8, 30, 'majority', '2024-02-25 05:15:00'),
(10, 9, 10, 'answer correctly', '2024-03-01 07:05:00'),
(11, 10, 15, 'lottery', '2024-03-04 09:25:00'),
(12, 11, 20, 'majority', '2024-03-09 11:45:00'),
(13, 12, 30, 'answer correctly', '2024-03-14 14:00:00'),
(14, 13, 10, 'lottery', '2024-03-19 16:15:00'),
(15, 14, 15, 'majority', '2024-03-24 18:30:00'),
(16, 15, 20, 'answer correctly', '2024-03-29 20:45:00'),
(17, 16, 30, 'lottery', '2024-04-03 23:00:00'),
(18, 17, 10, 'majority', '2024-04-09 01:15:00'),
(19, 18, 15, 'answer correctly', '2024-04-14 03:30:00'),
(20, 19, 20, 'lottery', '2024-04-19 05:45:00'),
(21, 20, 30, 'majority', '2024-04-24 07:55:00'),
(22, 21, 10, 'answer correctly', '2024-04-28 10:10:00'),
(23, 22, 15, 'lottery', '2024-05-03 12:25:00'),
(24, 23, 20, 'majority', '2024-05-08 14:40:00'),
(25, 24, 30, 'answer correctly', '2024-05-13 16:55:00'),
(26, 25, 10, 'lottery', '2024-05-18 19:10:00'),
(27, 26, 15, 'majority', '2024-05-23 21:25:00'),
(28, 27, 20, 'answer correctly', '2024-05-28 23:40:00'),
(29, 28, 30, 'lottery', '2024-06-03 01:55:00'),
(30, 29, 10, 'majority', '2024-06-08 04:10:00'),
(31, 30, 15, 'answer correctly', '2024-06-13 06:25:00'),
(32, 31, 20, 'lottery', '2024-06-17 08:40:00'),
(33, 32, 30, 'majority', '2024-06-22 11:00:00'),
(34, 33, 10, 'answer correctly', '2024-06-27 13:15:00'),
(35, 34, 15, 'lottery', '2024-07-02 15:30:00'),
(36, 35, 20, 'majority', '2024-07-07 17:45:00'),
(37, 36, 30, 'answer correctly', '2024-07-12 20:00:00'),
(38, 37, 10, 'lottery', '2024-07-17 22:15:00'),
(39, 38, 15, 'majority', '2024-07-23 00:30:00'),
(40, 39, 20, 'answer correctly', '2024-07-28 02:45:00'),
(41, 40, 30, 'lottery', '2024-08-02 05:00:00'),
(42, 41, 10, 'majority', '2024-08-07 07:15:00'),
(43, 42, 15, 'answer correctly', '2024-08-11 09:30:00'),
(44, 43, 20, 'lottery', '2024-08-16 11:45:00'),
(45, 44, 30, 'majority', '2024-08-21 14:00:00'),
(46, 45, 10, 'answer correctly', '2024-08-26 16:15:00'),
(47, 46, 15, 'lottery', '2024-08-31 18:30:00'),
(48, 47, 20, 'majority', '2024-09-05 20:45:00'),
(49, 48, 30, 'answer correctly', '2024-09-10 23:00:00'),
(50, 49, 10, 'lottery', '2024-09-16 01:15:00'),
(51, 50, 15, 'majority', '2024-09-21 03:30:00'),
(53, 999, 32345, '24345345', '2024-01-29 18:54:00'),
(54, 123, 123, 'sdf', '2024-01-26 19:02:00'),
(55, 213, 123, '123', '2024-02-01 11:03:00'),
(56, 11, 111, '111', '2024-01-29 19:12:00'),
(59, 55, 444, 'don\'t know', '2024-02-01 19:45:24'),
(60, 100, 500, '幸運中獎', '2024-02-01 11:47:00'),
(61, 444, 444, 'test', '2024-02-21 19:01:00'),
(62, 12323, 1243124, 'asdf', '2024-02-15 10:59:00'),
(63, 700, 33, '我之前打錯', '2024-02-17 20:02:10'),
(64, 50, 100, '很幸運', '2024-02-04 06:42:38'),
(65, 100, 100, '回答很快', '2024-02-15 06:52:00'),
(66, 101, 101, '展示', '2024-02-04 06:50:39'),
(67, 100, 34, '打賞回饋', '2024-02-22 17:18:00'),
(68, 123, -45, '刷頻', '2024-02-04 17:21:42'),
(69, 33, 100, '管理員撒錢', '2024-02-04 21:24:58'),
(70, 33, 100, '管理員撒錢', '2024-02-05 00:25:00'),
(71, 33, 121, '管理員撒錢', '2024-02-27 01:25:00'),
(72, 33, 121, '管理員撒錢', '2024-02-27 01:30:00'),
(73, 33, 14555, '管理員撒錢', '2024-02-27 01:30:00'),
(74, 34, 12, '管理員撒錢', '2024-02-04 21:33:36'),
(75, 123, 333, '幸運中獎', '2024-02-05 06:46:25'),
(76, 123, 123, '幸運中獎', '2024-02-08 06:53:00');

-- --------------------------------------------------------

--
-- 資料表結構 `tyler_gift_shop`
--

CREATE TABLE `tyler_gift_shop` (
  `sid` int(255) NOT NULL,
  `user_id` int(11) NOT NULL,
  `item_id` int(11) NOT NULL,
  `time_buy` timestamp NOT NULL DEFAULT current_timestamp() ON UPDATE current_timestamp()
) ENGINE=InnoDB DEFAULT CHARSET=utf8mb4 COLLATE=utf8mb4_general_ci;

--
-- 傾印資料表的資料 `tyler_gift_shop`
--

INSERT INTO `tyler_gift_shop` (`sid`, `user_id`, `item_id`, `time_buy`) VALUES
(1, 1, 5, '2024-01-24 08:00:00'),
(2, 2, 6, '2024-01-25 08:00:00'),
(3, 3, 7, '2024-01-31 08:00:00'),
(4, 4, 8, '2024-02-04 08:00:00'),
(5, 5, 9, '2024-02-09 08:00:00'),
(6, 6, 5, '2024-02-14 08:00:00'),
(7, 7, 6, '2024-02-19 08:00:00'),
(8, 8, 7, '2024-02-24 08:00:00'),
(9, 9, 8, '2024-02-29 08:00:00'),
(10, 10, 9, '2024-03-04 08:00:00'),
(11, 11, 5, '2024-03-09 08:00:00'),
(12, 12, 6, '2024-03-14 08:00:00'),
(13, 13, 7, '2024-03-19 08:00:00'),
(14, 14, 8, '2024-03-24 08:00:00'),
(15, 15, 9, '2024-03-29 08:00:00'),
(16, 16, 5, '2024-04-03 08:00:00'),
(17, 17, 6, '2024-04-08 08:00:00'),
(18, 18, 7, '2024-04-13 08:00:00'),
(19, 19, 8, '2024-04-18 08:00:00'),
(20, 20, 9, '2024-04-23 08:00:00'),
(21, 21, 5, '2024-04-28 08:00:00'),
(22, 22, 6, '2024-05-03 08:00:00'),
(23, 23, 7, '2024-05-08 08:00:00'),
(24, 24, 8, '2024-05-13 08:00:00'),
(25, 25, 9, '2024-05-18 08:00:00'),
(26, 26, 5, '2024-05-23 08:00:00'),
(27, 27, 6, '2024-05-28 08:00:00'),
(28, 28, 7, '2024-06-02 08:00:00'),
(29, 29, 8, '2024-06-07 08:00:00'),
(30, 30, 9, '2024-06-12 08:00:00'),
(31, 31, 5, '2024-06-17 08:00:00'),
(32, 32, 6, '2024-06-22 08:00:00'),
(33, 33, 7, '2024-06-27 08:00:00'),
(34, 34, 8, '2024-07-02 08:00:00'),
(35, 35, 9, '2024-07-07 08:00:00'),
(36, 36, 5, '2024-07-12 08:00:00'),
(37, 37, 6, '2024-07-17 08:00:00'),
(38, 38, 7, '2024-07-22 08:00:00'),
(39, 39, 8, '2024-07-27 08:00:00'),
(40, 40, 9, '2024-08-01 08:00:00'),
(41, 41, 5, '2024-08-06 08:00:00'),
(42, 42, 6, '2024-08-11 08:00:00'),
(43, 43, 7, '2024-08-16 08:00:00'),
(44, 44, 8, '2024-08-21 08:00:00'),
(45, 45, 9, '2024-08-26 08:00:00'),
(46, 46, 5, '2024-08-31 08:00:00'),
(47, 47, 6, '2024-09-05 08:00:00'),
(48, 48, 7, '2024-09-10 08:00:00'),
(49, 49, 8, '2024-09-15 08:00:00'),
(50, 50, 9, '2024-09-20 08:00:00');

-- --------------------------------------------------------

--
-- 資料表結構 `tyler_use_point`
--

CREATE TABLE `tyler_use_point` (
  `sid` int(255) NOT NULL,
  `user_id` int(11) NOT NULL,
  `point_use` int(11) NOT NULL,
  `effect_id` int(11) NOT NULL COMMENT 'FK',
  `time_use_point` timestamp NOT NULL DEFAULT current_timestamp() ON UPDATE current_timestamp()
) ENGINE=InnoDB DEFAULT CHARSET=utf8mb4 COLLATE=utf8mb4_general_ci;

--
-- 傾印資料表的資料 `tyler_use_point`
--

INSERT INTO `tyler_use_point` (`sid`, `user_id`, `point_use`, `effect_id`, `time_use_point`) VALUES
(1, 1, 10, 1, '2024-01-22 23:13:54'),
(2, 1, 10, 1, '2024-01-24 08:00:00'),
(3, 2, 20, 2, '2024-01-25 08:00:00'),
(4, 3, 15, 3, '2024-01-31 08:00:00'),
(5, 4, 25, 4, '2024-02-04 08:00:00'),
(6, 5, 18, 5, '2024-02-09 08:00:00'),
(7, 6, 22, 6, '2024-02-14 08:00:00'),
(8, 7, 12, 7, '2024-02-19 08:00:00'),
(9, 8, 28, 8, '2024-02-24 08:00:00'),
(10, 9, 14, 9, '2024-02-29 08:00:00'),
(11, 10, 30, 10, '2024-03-04 08:00:00'),
(12, 11, 23, 11, '2024-03-09 08:00:00'),
(13, 12, 17, 12, '2024-03-14 08:00:00'),
(14, 13, 31, 13, '2024-03-19 08:00:00'),
(15, 14, 19, 14, '2024-03-24 08:00:00'),
(16, 15, 27, 15, '2024-03-29 08:00:00'),
(17, 16, 13, 16, '2024-04-03 08:00:00'),
(18, 17, 29, 17, '2024-04-08 08:00:00'),
(19, 18, 16, 18, '2024-04-13 08:00:00'),
(20, 19, 24, 19, '2024-04-18 08:00:00'),
(21, 20, 32, 20, '2024-04-23 08:00:00'),
(22, 21, 25, 21, '2024-04-28 08:00:00'),
(23, 22, 21, 22, '2024-05-03 08:00:00'),
(24, 23, 26, 23, '2024-05-08 08:00:00'),
(25, 24, 28, 24, '2024-05-13 08:00:00'),
(26, 25, 30, 25, '2024-05-18 08:00:00'),
(27, 26, 15, 26, '2024-05-23 08:00:00'),
(28, 27, 18, 27, '2024-05-28 08:00:00'),
(29, 28, 22, 28, '2024-06-02 08:00:00'),
(30, 29, 19, 29, '2024-06-07 08:00:00'),
(31, 30, 14, 30, '2024-06-12 08:00:00'),
(32, 31, 23, 31, '2024-06-17 08:00:00'),
(33, 32, 17, 32, '2024-06-22 08:00:00'),
(34, 33, 31, 33, '2024-06-27 08:00:00'),
(35, 34, 19, 34, '2024-07-02 08:00:00'),
(36, 35, 27, 35, '2024-07-07 08:00:00'),
(37, 36, 13, 36, '2024-07-12 08:00:00'),
(38, 37, 29, 37, '2024-07-17 08:00:00'),
(39, 38, 16, 38, '2024-07-22 08:00:00'),
(40, 39, 24, 39, '2024-07-27 08:00:00'),
(41, 40, 32, 40, '2024-08-01 08:00:00'),
(42, 41, 23, 41, '2024-08-06 08:00:00'),
(43, 42, 17, 42, '2024-08-11 08:00:00'),
(44, 43, 31, 43, '2024-08-16 08:00:00'),
(45, 44, 19, 44, '2024-08-21 08:00:00'),
(46, 45, 27, 45, '2024-08-26 08:00:00'),
(47, 46, 13, 46, '2024-08-31 08:00:00'),
(48, 47, 29, 47, '2024-09-05 08:00:00'),
(49, 48, 16, 48, '2024-09-10 08:00:00'),
(50, 49, 24, 49, '2024-09-15 08:00:00'),
(51, 50, 32, 50, '2024-09-20 08:00:00');

-- --------------------------------------------------------

--
-- 資料表結構 `user_preference`
--

CREATE TABLE `user_preference` (
  `preference_id` int(11) NOT NULL,
  `user_id` int(11) DEFAULT NULL,
  `live_activity_notifications` tinyint(1) DEFAULT NULL,
  `product_updates_notifications` tinyint(1) DEFAULT NULL,
  `trip_recommendations_notifications` tinyint(1) DEFAULT NULL,
  `game_updates_notifications` tinyint(1) DEFAULT NULL,
  `unsubscribe_from_all` tinyint(1) DEFAULT NULL
) ENGINE=InnoDB DEFAULT CHARSET=utf8mb4 COLLATE=utf8mb4_general_ci;

--
-- 已傾印資料表的索引
--

--
-- 資料表索引 `ca_order_detail`
--
ALTER TABLE `ca_order_detail`
  ADD PRIMARY KEY (`sid`);

--
-- 資料表索引 `ca_products`
--
ALTER TABLE `ca_products`
  ADD PRIMARY KEY (`pid`);

--
-- 資料表索引 `ca_product_comment`
--
ALTER TABLE `ca_product_comment`
  ADD PRIMARY KEY (`comment_id`);

--
-- 資料表索引 `ca_product_like`
--
ALTER TABLE `ca_product_like`
  ADD PRIMARY KEY (`like_id`);

--
-- 資料表索引 `ca_purchase_order`
--
ALTER TABLE `ca_purchase_order`
  ADD PRIMARY KEY (`sid`);

--
-- 資料表索引 `gm_coupon`
--
ALTER TABLE `gm_coupon`
  ADD PRIMARY KEY (`coupon_id`);

--
-- 資料表索引 `gm_mission`
--
ALTER TABLE `gm_mission`
  ADD PRIMARY KEY (`mission_id`);

--
-- 資料表索引 `gm_skin`
--
ALTER TABLE `gm_skin`
  ADD PRIMARY KEY (`skin_id`);

--
-- 資料表索引 `gm_user_achieved`
--
ALTER TABLE `gm_user_achieved`
  ADD PRIMARY KEY (`achieved_id`);

--
-- 資料表索引 `gm_user_get_coupon`
--
ALTER TABLE `gm_user_get_coupon`
  ADD PRIMARY KEY (`user_get_coupon_id`);

--
-- 資料表索引 `mb_user`
--
ALTER TABLE `mb_user`
  ADD PRIMARY KEY (`id`),
  ADD UNIQUE KEY `email` (`email`),
  ADD UNIQUE KEY `email_2` (`email`),
  ADD UNIQUE KEY `email_3` (`email`),
  ADD UNIQUE KEY `username` (`username`),
  ADD KEY `fk_skin_id` (`fk_skin_id`);

--
-- 資料表索引 `mb_user_profile`
--
ALTER TABLE `mb_user_profile`
  ADD PRIMARY KEY (`profile_id`),
  ADD UNIQUE KEY `fk_user_id` (`user_id`);

--
-- 資料表索引 `notification`
--
ALTER TABLE `notification`
  ADD PRIMARY KEY (`notification_id`),
  ADD KEY `user_id` (`user_id`);

--
-- 資料表索引 `sn_comments`
--
ALTER TABLE `sn_comments`
  ADD PRIMARY KEY (`comment_id`),
  ADD KEY `post_id` (`post_id`);

--
-- 資料表索引 `sn_comments_reply`
--
ALTER TABLE `sn_comments_reply`
  ADD PRIMARY KEY (`cr_id`),
  ADD KEY `user_id` (`user_id`),
  ADD KEY `post_id` (`post_id`);

--
-- 資料表索引 `sn_comment_likes`
--
ALTER TABLE `sn_comment_likes`
  ADD PRIMARY KEY (`like_id`),
  ADD UNIQUE KEY `user_comment_unique` (`user_id`,`comment_id`),
  ADD KEY `fk_comment_likes_comment_id` (`comment_id`);

--
-- 資料表索引 `sn_comment_reply_likes`
--
ALTER TABLE `sn_comment_reply_likes`
  ADD PRIMARY KEY (`like_id`),
  ADD UNIQUE KEY `user_reply_unique` (`user_id`,`reply_id`),
  ADD KEY `fk_reply_likes_reply_id` (`reply_id`);

--
-- 資料表索引 `sn_followed_boards`
--
ALTER TABLE `sn_followed_boards`
  ADD PRIMARY KEY (`follow_id`),
  ADD KEY `user_id` (`user_id`);

--
-- 資料表索引 `sn_friends`
--
ALTER TABLE `sn_friends`
  ADD PRIMARY KEY (`friendship_id`);

--
-- 資料表索引 `sn_messages`
--
ALTER TABLE `sn_messages`
  ADD PRIMARY KEY (`message_id`),
  ADD KEY `user_id` (`user_id`);

--
-- 資料表索引 `sn_notifications`
--
ALTER TABLE `sn_notifications`
  ADD PRIMARY KEY (`notification_id`),
  ADD KEY `user_id` (`user_id`);

--
-- 資料表索引 `sn_posts`
--
ALTER TABLE `sn_posts`
  ADD PRIMARY KEY (`post_id`),
  ADD KEY `user_id` (`user_id`);

--
-- 資料表索引 `sn_post_favorites`
--
ALTER TABLE `sn_post_favorites`
  ADD PRIMARY KEY (`favorite_id`),
  ADD KEY `user_id` (`user_id`),
  ADD KEY `post_id` (`post_id`);

--
-- 資料表索引 `sn_post_likes`
--
ALTER TABLE `sn_post_likes`
  ADD PRIMARY KEY (`like_id`),
  ADD KEY `user_id` (`user_id`),
  ADD KEY `post_id` (`post_id`);

--
-- 資料表索引 `sn_public_boards`
--
ALTER TABLE `sn_public_boards`
  ADD PRIMARY KEY (`board_id`);

--
-- 資料表索引 `sn_search_history`
--
ALTER TABLE `sn_search_history`
  ADD PRIMARY KEY (`history_id`),
  ADD KEY `user_id` (`user_id`);

--
-- 資料表索引 `sn_tagged_users`
--
ALTER TABLE `sn_tagged_users`
  ADD PRIMARY KEY (`tu_id`),
  ADD KEY `user_id` (`user_id`);

--
-- 資料表索引 `sn_user_relationships`
--
ALTER TABLE `sn_user_relationships`
  ADD PRIMARY KEY (`relation_id`),
  ADD KEY `user_id` (`user_id`),
  ADD KEY `friend_id` (`friend_id`),
  ADD KEY `followed_user_id` (`followed_user_id`);

--
-- 資料表索引 `tony_favtour_list`
--
ALTER TABLE `tony_favtour_list`
  ADD PRIMARY KEY (`favlist_id`);

--
-- 資料表索引 `tony_rating_comment`
--
ALTER TABLE `tony_rating_comment`
  ADD PRIMARY KEY (`rid`);

--
-- 資料表索引 `tony_tour_category`
--
ALTER TABLE `tony_tour_category`
  ADD PRIMARY KEY (`cid`);

--
-- 資料表索引 `tony_tour_images`
--
ALTER TABLE `tony_tour_images`
  ADD PRIMARY KEY (`tour_img_id`);

--
-- 資料表索引 `tony_tour_level`
--
ALTER TABLE `tony_tour_level`
  ADD PRIMARY KEY (`level_id`);

--
-- 資料表索引 `tony_tour_location`
--
ALTER TABLE `tony_tour_location`
  ADD PRIMARY KEY (`ruin_id`);

--
-- 資料表索引 `tony_tour_members`
--
ALTER TABLE `tony_tour_members`
  ADD PRIMARY KEY (`members_id`);

--
-- 資料表索引 `tony_tour_post`
--
ALTER TABLE `tony_tour_post`
  ADD PRIMARY KEY (`tour_id`),
  ADD KEY `ruin_id` (`ruin_id`),
  ADD KEY `level_id` (`level_id`);

--
-- 資料表索引 `tr_tour_comment`
--
ALTER TABLE `tr_tour_comment`
  ADD PRIMARY KEY (`tour_comment_id`);

--
-- 資料表索引 `tyler_chat`
--
ALTER TABLE `tyler_chat`
  ADD PRIMARY KEY (`sid`);

--
-- 資料表索引 `tyler_effect_shop`
--
ALTER TABLE `tyler_effect_shop`
  ADD PRIMARY KEY (`sid`);

--
-- 資料表索引 `tyler_effect_special`
--
ALTER TABLE `tyler_effect_special`
  ADD PRIMARY KEY (`sid`);

--
-- 資料表索引 `tyler_get_point`
--
ALTER TABLE `tyler_get_point`
  ADD PRIMARY KEY (`sid`);

--
-- 資料表索引 `tyler_gift_shop`
--
ALTER TABLE `tyler_gift_shop`
  ADD PRIMARY KEY (`sid`),
  ADD KEY `item_id` (`item_id`),
  ADD KEY `user_id` (`user_id`);

--
-- 資料表索引 `tyler_use_point`
--
ALTER TABLE `tyler_use_point`
  ADD PRIMARY KEY (`sid`);

--
-- 資料表索引 `user_preference`
--
ALTER TABLE `user_preference`
  ADD PRIMARY KEY (`preference_id`),
  ADD KEY `user_id` (`user_id`);

--
-- 在傾印的資料表使用自動遞增(AUTO_INCREMENT)
--

--
-- 使用資料表自動遞增(AUTO_INCREMENT) `ca_order_detail`
--
ALTER TABLE `ca_order_detail`
  MODIFY `sid` int(11) NOT NULL AUTO_INCREMENT, AUTO_INCREMENT=404;

--
-- 使用資料表自動遞增(AUTO_INCREMENT) `ca_products`
--
ALTER TABLE `ca_products`
  MODIFY `pid` int(2) NOT NULL AUTO_INCREMENT, AUTO_INCREMENT=127;

--
-- 使用資料表自動遞增(AUTO_INCREMENT) `ca_product_comment`
--
ALTER TABLE `ca_product_comment`
  MODIFY `comment_id` int(11) NOT NULL AUTO_INCREMENT, AUTO_INCREMENT=81;

--
-- 使用資料表自動遞增(AUTO_INCREMENT) `ca_product_like`
--
ALTER TABLE `ca_product_like`
  MODIFY `like_id` int(11) NOT NULL AUTO_INCREMENT, AUTO_INCREMENT=59;

--
-- 使用資料表自動遞增(AUTO_INCREMENT) `ca_purchase_order`
--
ALTER TABLE `ca_purchase_order`
  MODIFY `sid` int(11) NOT NULL AUTO_INCREMENT, AUTO_INCREMENT=226;

--
-- 使用資料表自動遞增(AUTO_INCREMENT) `mb_user`
--
ALTER TABLE `mb_user`
  MODIFY `id` int(11) NOT NULL AUTO_INCREMENT, AUTO_INCREMENT=169;

--
-- 使用資料表自動遞增(AUTO_INCREMENT) `mb_user_profile`
--
ALTER TABLE `mb_user_profile`
  MODIFY `profile_id` int(11) NOT NULL AUTO_INCREMENT, AUTO_INCREMENT=7;

--
-- 使用資料表自動遞增(AUTO_INCREMENT) `notification`
--
ALTER TABLE `notification`
  MODIFY `notification_id` int(11) NOT NULL AUTO_INCREMENT;

--
-- 使用資料表自動遞增(AUTO_INCREMENT) `sn_comments`
--
ALTER TABLE `sn_comments`
  MODIFY `comment_id` int(11) NOT NULL AUTO_INCREMENT, AUTO_INCREMENT=57;

--
-- 使用資料表自動遞增(AUTO_INCREMENT) `sn_comments_reply`
--
ALTER TABLE `sn_comments_reply`
  MODIFY `cr_id` int(11) NOT NULL AUTO_INCREMENT, AUTO_INCREMENT=52;

--
-- 使用資料表自動遞增(AUTO_INCREMENT) `sn_comment_likes`
--
ALTER TABLE `sn_comment_likes`
  MODIFY `like_id` int(11) NOT NULL AUTO_INCREMENT;

--
-- 使用資料表自動遞增(AUTO_INCREMENT) `sn_comment_reply_likes`
--
ALTER TABLE `sn_comment_reply_likes`
  MODIFY `like_id` int(11) NOT NULL AUTO_INCREMENT;

--
-- 使用資料表自動遞增(AUTO_INCREMENT) `sn_followed_boards`
--
ALTER TABLE `sn_followed_boards`
  MODIFY `follow_id` int(11) NOT NULL AUTO_INCREMENT, AUTO_INCREMENT=49;

--
-- 使用資料表自動遞增(AUTO_INCREMENT) `sn_friends`
--
ALTER TABLE `sn_friends`
  MODIFY `friendship_id` int(11) NOT NULL AUTO_INCREMENT, AUTO_INCREMENT=2244;

--
-- 使用資料表自動遞增(AUTO_INCREMENT) `sn_messages`
--
ALTER TABLE `sn_messages`
  MODIFY `message_id` int(11) NOT NULL AUTO_INCREMENT, AUTO_INCREMENT=49;

--
-- 使用資料表自動遞增(AUTO_INCREMENT) `sn_notifications`
--
ALTER TABLE `sn_notifications`
  MODIFY `notification_id` int(11) NOT NULL AUTO_INCREMENT, AUTO_INCREMENT=49;

--
-- 使用資料表自動遞增(AUTO_INCREMENT) `sn_posts`
--
ALTER TABLE `sn_posts`
  MODIFY `post_id` int(11) NOT NULL AUTO_INCREMENT, AUTO_INCREMENT=566;

--
-- 使用資料表自動遞增(AUTO_INCREMENT) `sn_post_favorites`
--
ALTER TABLE `sn_post_favorites`
  MODIFY `favorite_id` int(11) NOT NULL AUTO_INCREMENT;

--
-- 使用資料表自動遞增(AUTO_INCREMENT) `sn_post_likes`
--
ALTER TABLE `sn_post_likes`
  MODIFY `like_id` int(11) NOT NULL AUTO_INCREMENT;

--
-- 使用資料表自動遞增(AUTO_INCREMENT) `sn_search_history`
--
ALTER TABLE `sn_search_history`
  MODIFY `history_id` int(11) NOT NULL AUTO_INCREMENT, AUTO_INCREMENT=49;

--
-- 使用資料表自動遞增(AUTO_INCREMENT) `sn_tagged_users`
--
ALTER TABLE `sn_tagged_users`
  MODIFY `tu_id` int(11) NOT NULL AUTO_INCREMENT, AUTO_INCREMENT=49;

--
-- 使用資料表自動遞增(AUTO_INCREMENT) `sn_user_relationships`
--
ALTER TABLE `sn_user_relationships`
  MODIFY `relation_id` int(11) NOT NULL AUTO_INCREMENT;

--
-- 使用資料表自動遞增(AUTO_INCREMENT) `tony_favtour_list`
--
ALTER TABLE `tony_favtour_list`
  MODIFY `favlist_id` int(11) NOT NULL AUTO_INCREMENT, AUTO_INCREMENT=51;

--
-- 使用資料表自動遞增(AUTO_INCREMENT) `tony_rating_comment`
--
ALTER TABLE `tony_rating_comment`
  MODIFY `rid` int(11) NOT NULL AUTO_INCREMENT;

--
-- 使用資料表自動遞增(AUTO_INCREMENT) `tony_tour_category`
--
ALTER TABLE `tony_tour_category`
  MODIFY `cid` int(11) NOT NULL AUTO_INCREMENT, AUTO_INCREMENT=11;

--
-- 使用資料表自動遞增(AUTO_INCREMENT) `tony_tour_images`
--
ALTER TABLE `tony_tour_images`
  MODIFY `tour_img_id` int(11) NOT NULL AUTO_INCREMENT, AUTO_INCREMENT=51;

--
-- 使用資料表自動遞增(AUTO_INCREMENT) `tony_tour_level`
--
ALTER TABLE `tony_tour_level`
  MODIFY `level_id` int(11) NOT NULL AUTO_INCREMENT, AUTO_INCREMENT=4;

--
-- 使用資料表自動遞增(AUTO_INCREMENT) `tony_tour_location`
--
ALTER TABLE `tony_tour_location`
  MODIFY `ruin_id` int(11) NOT NULL AUTO_INCREMENT, AUTO_INCREMENT=51;

--
-- 使用資料表自動遞增(AUTO_INCREMENT) `tony_tour_members`
--
ALTER TABLE `tony_tour_members`
  MODIFY `members_id` int(11) NOT NULL AUTO_INCREMENT, AUTO_INCREMENT=51;

--
-- 使用資料表自動遞增(AUTO_INCREMENT) `tr_tour_comment`
--
ALTER TABLE `tr_tour_comment`
  MODIFY `tour_comment_id` int(11) NOT NULL AUTO_INCREMENT, AUTO_INCREMENT=52;

--
-- 使用資料表自動遞增(AUTO_INCREMENT) `tyler_chat`
--
ALTER TABLE `tyler_chat`
  MODIFY `sid` int(11) NOT NULL AUTO_INCREMENT;

--
-- 使用資料表自動遞增(AUTO_INCREMENT) `tyler_effect_shop`
--
ALTER TABLE `tyler_effect_shop`
  MODIFY `sid` int(255) NOT NULL AUTO_INCREMENT, AUTO_INCREMENT=52;

--
-- 使用資料表自動遞增(AUTO_INCREMENT) `tyler_effect_special`
--
ALTER TABLE `tyler_effect_special`
  MODIFY `sid` int(255) NOT NULL AUTO_INCREMENT, AUTO_INCREMENT=63;

--
-- 使用資料表自動遞增(AUTO_INCREMENT) `tyler_get_point`
--
ALTER TABLE `tyler_get_point`
  MODIFY `sid` int(255) NOT NULL AUTO_INCREMENT, AUTO_INCREMENT=77;

--
-- 使用資料表自動遞增(AUTO_INCREMENT) `tyler_gift_shop`
--
ALTER TABLE `tyler_gift_shop`
  MODIFY `sid` int(255) NOT NULL AUTO_INCREMENT, AUTO_INCREMENT=51;

--
-- 使用資料表自動遞增(AUTO_INCREMENT) `tyler_use_point`
--
ALTER TABLE `tyler_use_point`
  MODIFY `sid` int(255) NOT NULL AUTO_INCREMENT, AUTO_INCREMENT=52;

--
-- 使用資料表自動遞增(AUTO_INCREMENT) `user_preference`
--
ALTER TABLE `user_preference`
  MODIFY `preference_id` int(11) NOT NULL AUTO_INCREMENT;

--
-- 已傾印資料表的限制式
--

--
-- 資料表的限制式 `sn_comments`
--
ALTER TABLE `sn_comments`
  ADD CONSTRAINT `sn_comments_ibfk_1` FOREIGN KEY (`post_id`) REFERENCES `sn_posts` (`post_id`) ON DELETE CASCADE;

--
-- 資料表的限制式 `sn_comments_reply`
--
ALTER TABLE `sn_comments_reply`
  ADD CONSTRAINT `sn_comments_reply_ibfk_1` FOREIGN KEY (`post_id`) REFERENCES `sn_posts` (`post_id`);

--
-- 資料表的限制式 `tony_tour_post`
--
ALTER TABLE `tony_tour_post`
  ADD CONSTRAINT `tony_tour_post_ibfk_1` FOREIGN KEY (`ruin_id`) REFERENCES `tony_tour_location` (`ruin_id`),
  ADD CONSTRAINT `tony_tour_post_ibfk_2` FOREIGN KEY (`level_id`) REFERENCES `tony_tour_level` (`level_id`);
COMMIT;

/*!40101 SET CHARACTER_SET_CLIENT=@OLD_CHARACTER_SET_CLIENT */;
/*!40101 SET CHARACTER_SET_RESULTS=@OLD_CHARACTER_SET_RESULTS */;
/*!40101 SET COLLATION_CONNECTION=@OLD_COLLATION_CONNECTION */;
